,ensid,symbol
0,ENSG00000000419,DPM1
1,ENSG00000000938,FGR
2,ENSG00000001036,FUCA2
3,ENSG00000001084,GCLC
4,ENSG00000001630,CYP51A1
5,ENSG00000002549,LAP3
6,ENSG00000002587,HS3ST1
7,ENSG00000003137,CYP26B1
8,ENSG00000003987,MTMR7
9,ENSG00000003989,SLC7A2
10,ENSG00000004455,AK2
11,ENSG00000004468,CD38
12,ENSG00000004660,CAMKK1
13,ENSG00000004700,RECQL
14,ENSG00000004779,NDUFAB1
15,ENSG00000004799,PDK4
16,ENSG00000004864,SLC25A13
17,ENSG00000004961,HCCS
18,ENSG00000005022,SLC25A5
19,ENSG00000005075,POLR2J
20,ENSG00000005249,PRKAR2B
21,ENSG00000005381,MPO
22,ENSG00000005469,CROT
23,ENSG00000005483,KMT2E
24,ENSG00000005882,PDK2
25,ENSG00000006432,MAP3K9
26,ENSG00000006530,AGK
27,ENSG00000006534,ALDH3B1
28,ENSG00000006625,GGCT
29,ENSG00000006695,COX10
30,ENSG00000006756,ARSD
31,ENSG00000006757,PNPLA4
32,ENSG00000006837,CDKL3
33,ENSG00000007001,UPP2
34,ENSG00000007047,MARK4
35,ENSG00000007168,PAFAH1B1
36,ENSG00000007264,MATK
37,ENSG00000007541,PIGQ
38,ENSG00000008086,CDKL5
39,ENSG00000008118,CAMK1G
40,ENSG00000008128,CDK11A
41,ENSG00000008130,NADK
42,ENSG00000008300,CELSR3
43,ENSG00000008311,AASS
44,ENSG00000008394,MGST1
45,ENSG00000008513,ST3GAL1
46,ENSG00000009413,REV3L
47,ENSG00000010219,DYRK4
48,ENSG00000010256,UQCRC1
49,ENSG00000010379,SLC6A13
50,ENSG00000010404,IDS
51,ENSG00000010671,BTK
52,ENSG00000010810,FYN
53,ENSG00000011052,NME1-NME2
54,ENSG00000011083,SLC6A7
55,ENSG00000011198,ABHD5
56,ENSG00000011376,LARS2
57,ENSG00000011405,PIK3C2A
58,ENSG00000011485,PPP5C
59,ENSG00000011566,MAP4K3
60,ENSG00000012232,EXTL3
61,ENSG00000012660,ELOVL5
62,ENSG00000012779,ALOX5
63,ENSG00000012983,MAP4K5
64,ENSG00000013288,MAN2B2
65,ENSG00000013375,PGM3
66,ENSG00000013441,CLK1
67,ENSG00000013503,POLR3B
68,ENSG00000013573,DDX11
69,ENSG00000014138,POLA2
70,ENSG00000014641,MDH1
71,ENSG00000014919,COX15
72,ENSG00000015532,XYLT2
73,ENSG00000016391,CHDH
74,ENSG00000016864,GLT8D1
75,ENSG00000017483,SLC38A5
76,ENSG00000018280,SLC11A1
77,ENSG00000018510,AGPS
78,ENSG00000018625,ATP1A2
79,ENSG00000019186,CYP24A1
80,ENSG00000021574,SPAST
81,ENSG00000021826,CPS1
82,ENSG00000023041,ZDHHC6
83,ENSG00000023228,NDUFS1
84,ENSG00000023330,ALAS1
85,ENSG00000023572,GLRX2
86,ENSG00000023697,DERA
87,ENSG00000023909,GCLM
88,ENSG00000025423,HSD17B6
89,ENSG00000025708,TYMP
90,ENSG00000025800,KPNA6
91,ENSG00000026103,FAS
92,ENSG00000026652,AGPAT4
93,ENSG00000027075,PRKCH
94,ENSG00000027847,B4GALT7
95,ENSG00000028116,VRK2
96,ENSG00000030066,NUP160
97,ENSG00000031698,SARS1
98,ENSG00000032444,PNPLA6
99,ENSG00000033011,ALG1
100,ENSG00000033100,CHPF2
101,ENSG00000033170,FUT8
102,ENSG00000033627,ATP6V0A1
103,ENSG00000033867,SLC4A7
104,ENSG00000034152,MAP2K3
105,ENSG00000035664,DAPK2
106,ENSG00000035687,ADSS2
107,ENSG00000036530,CYP46A1
108,ENSG00000037757,MRI1
109,ENSG00000038002,AGA
110,ENSG00000038210,PI4K2B
111,ENSG00000038274,MAT2B
112,ENSG00000038382,TRIO
113,ENSG00000039123,MTREX
114,ENSG00000039523,RIPOR1
115,ENSG00000040199,PHLPP2
116,ENSG00000040933,INPP4A
117,ENSG00000044446,PHKA2
118,ENSG00000044524,EPHA3
119,ENSG00000047230,CTPS2
120,ENSG00000047249,ATP6V1H
121,ENSG00000047315,POLR2B
122,ENSG00000047457,CP
123,ENSG00000048392,RRM2B
124,ENSG00000049239,H6PD
125,ENSG00000049860,HEXB
126,ENSG00000050438,SLC4A8
127,ENSG00000050748,MAPK9
128,ENSG00000051382,PIK3CB
129,ENSG00000052802,MSMO1
130,ENSG00000053371,AKR7A2
131,ENSG00000054148,PHPT1
132,ENSG00000054179,ENTPD2
133,ENSG00000054267,ARID4B
134,ENSG00000054356,PTPRN
135,ENSG00000054392,HHAT
136,ENSG00000054793,ATP9A
137,ENSG00000054983,GALC
138,ENSG00000055332,EIF2AK2
139,ENSG00000055609,KMT2C
140,ENSG00000056998,GYG2
141,ENSG00000057252,SOAT1
142,ENSG00000058063,ATP11B
143,ENSG00000058091,CDK14
144,ENSG00000058404,CAMK2B
145,ENSG00000058600,POLR3E
146,ENSG00000058729,RIOK2
147,ENSG00000058866,DGKG
148,ENSG00000059377,TBXAS1
149,ENSG00000059573,ALDH18A1
150,ENSG00000059758,CDK17
151,ENSG00000059804,SLC2A3
152,ENSG00000060069,CTDP1
153,ENSG00000060140,STYK1
154,ENSG00000060237,WNK1
155,ENSG00000060642,PIGV
156,ENSG00000060656,PTPRU
157,ENSG00000060762,MPC1
158,ENSG00000060971,ACAA1
159,ENSG00000060982,BCAT1
160,ENSG00000061918,GUCY1B1
161,ENSG00000061938,TNK2
162,ENSG00000062282,DGAT2
163,ENSG00000062485,CS
164,ENSG00000062822,POLD1
165,ENSG00000063176,SPHK2
166,ENSG00000063601,MTMR1
167,ENSG00000063854,HAGH
168,ENSG00000064225,ST3GAL6
169,ENSG00000064393,HIPK2
170,ENSG00000064601,CTSA
171,ENSG00000064651,SLC12A2
172,ENSG00000064655,EYA2
173,ENSG00000064703,DDX20
174,ENSG00000064763,FAR2
175,ENSG00000065154,OAT
176,ENSG00000065243,PKN2
177,ENSG00000065357,DGKA
178,ENSG00000065361,ERBB3
179,ENSG00000065427,KARS1
180,ENSG00000065518,NDUFB4
181,ENSG00000065534,MYLK
182,ENSG00000065559,MAP2K4
183,ENSG00000065613,SLK
184,ENSG00000065621,GSTO2
185,ENSG00000065675,PRKCQ
186,ENSG00000065833,ME1
187,ENSG00000065883,CDK13
188,ENSG00000065911,MTHFD2
189,ENSG00000065989,PDE4A
190,ENSG00000066056,TIE1
191,ENSG00000066322,ELOVL1
192,ENSG00000066379,POLR1H
193,ENSG00000066468,FGFR2
194,ENSG00000066926,FECH
195,ENSG00000067048,DDX3Y
196,ENSG00000067057,PFKP
197,ENSG00000067064,IDI1
198,ENSG00000067113,PLPP1
199,ENSG00000067177,PHKA1
200,ENSG00000067225,PKM
201,ENSG00000067596,DHX8
202,ENSG00000067606,PRKCZ
203,ENSG00000067704,IARS2
204,ENSG00000067829,IDH3G
205,ENSG00000067840,PDZD4
206,ENSG00000067900,ROCK1
207,ENSG00000067992,PDK3
208,ENSG00000068001,HYAL2
209,ENSG00000068078,FGFR3
210,ENSG00000068120,COASY
211,ENSG00000068366,ACSL4
212,ENSG00000068383,INPP5A
213,ENSG00000068650,ATP11A
214,ENSG00000068654,POLR1A
215,ENSG00000068745,IP6K2
216,ENSG00000068903,SIRT2
217,ENSG00000068976,PYGM
218,ENSG00000069020,MAST4
219,ENSG00000069248,NUP133
220,ENSG00000069535,MAOB
221,ENSG00000069849,ATP1B3
222,ENSG00000069943,PIGB
223,ENSG00000069956,MAPK6
224,ENSG00000070159,PTPN3
225,ENSG00000070214,SLC44A1
226,ENSG00000070501,POLB
227,ENSG00000070526,ST6GALNAC1
228,ENSG00000070610,GBA2
229,ENSG00000070614,NDST1
230,ENSG00000070669,ASNS
231,ENSG00000070731,ST6GALNAC2
232,ENSG00000070759,TESK2
233,ENSG00000070770,CSNK2A2
234,ENSG00000070778,PTPN21
235,ENSG00000070808,CAMK2A
236,ENSG00000071054,MAP4K4
237,ENSG00000071073,MGAT4A
238,ENSG00000071242,RPS6KA2
239,ENSG00000071553,ATP6AP1
240,ENSG00000071967,CYBRD1
241,ENSG00000072041,SLC6A15
242,ENSG00000072042,RDH11
243,ENSG00000072062,PRKACA
244,ENSG00000072133,RPS6KA6
245,ENSG00000072135,PTPN18
246,ENSG00000072195,SPEG
247,ENSG00000072210,ALDH3A2
248,ENSG00000072310,SREBF1
249,ENSG00000072506,HSD17B10
250,ENSG00000072518,MARK2
251,ENSG00000072682,P4HA2
252,ENSG00000072778,ACADVL
253,ENSG00000072786,STK10
254,ENSG00000073060,SCARB1
255,ENSG00000073111,MCM2
256,ENSG00000073417,PDE8A
257,ENSG00000073578,SDHA
258,ENSG00000073711,PPP2R3A
259,ENSG00000073737,DHRS9
260,ENSG00000073756,PTGS2
261,ENSG00000073803,MAP3K13
262,ENSG00000073849,ST6GAL1
263,ENSG00000073969,NSF
264,ENSG00000074211,PPP2R2C
265,ENSG00000074410,CA12
266,ENSG00000074416,MGLL
267,ENSG00000074590,NUAK1
268,ENSG00000074696,HACD3
269,ENSG00000074800,ENO1
270,ENSG00000075188,NUP37
271,ENSG00000075239,ACAT1
272,ENSG00000075413,MARK3
273,ENSG00000075415,SLC25A3
274,ENSG00000075651,PLD1
275,ENSG00000076003,MCM6
276,ENSG00000076201,PTPN23
277,ENSG00000076258,FMO4
278,ENSG00000076351,SLC46A1
279,ENSG00000076555,ACACB
280,ENSG00000076685,NT5C2
281,ENSG00000076984,MAP2K7
282,ENSG00000077044,DGKD
283,ENSG00000077264,PAK3
284,ENSG00000077463,SIRT6
285,ENSG00000077498,TYR
286,ENSG00000077514,POLD3
287,ENSG00000077782,FGFR1
288,ENSG00000078061,ARAF
289,ENSG00000078070,MCCC1
290,ENSG00000078124,ACER3
291,ENSG00000078142,PIK3C3
292,ENSG00000078237,TIGAR
293,ENSG00000078269,SYNJ2
294,ENSG00000078295,ADCY2
295,ENSG00000079215,SLC1A3
296,ENSG00000079277,MKNK1
297,ENSG00000079335,CDC14A
298,ENSG00000079435,LIPE
299,ENSG00000079459,FDFT1
300,ENSG00000079462,PAFAH1B3
301,ENSG00000079739,PGM1
302,ENSG00000079785,DDX1
303,ENSG00000079805,DNM2
304,ENSG00000079931,MOXD1
305,ENSG00000080031,PTPRH
306,ENSG00000080224,EPHA6
307,ENSG00000080493,SLC4A4
308,ENSG00000080819,CPOX
309,ENSG00000080823,MOK
310,ENSG00000081181,ARG2
311,ENSG00000081237,PTPRC
312,ENSG00000081320,STK17B
313,ENSG00000081377,CDC14B
314,ENSG00000081721,DUSP12
315,ENSG00000081760,AACS
316,ENSG00000081800,SLC13A1
317,ENSG00000081913,PHLPP1
318,ENSG00000081923,ATP8B1
319,ENSG00000082212,ME2
320,ENSG00000083123,BCKDHB
321,ENSG00000083223,TUT7
322,ENSG00000083290,ULK2
323,ENSG00000083444,PLOD1
324,ENSG00000083720,OXCT1
325,ENSG00000083807,SLC27A5
326,ENSG00000084090,STARD7
327,ENSG00000084110,HAL
328,ENSG00000084112,SSH1
329,ENSG00000084207,GSTP1
330,ENSG00000084453,SLCO1A2
331,ENSG00000084754,HADHA
332,ENSG00000084774,CAD
333,ENSG00000085224,ATRX
334,ENSG00000085231,AK6
335,ENSG00000085511,MAP3K4
336,ENSG00000085662,AKR1B1
337,ENSG00000085871,MGST2
338,ENSG00000085998,POMGNT1
339,ENSG00000086015,MAST2
340,ENSG00000086062,B4GALT1
341,ENSG00000086159,AQP6
342,ENSG00000086232,EIF2AK1
343,ENSG00000086544,ITPKC
344,ENSG00000086717,PPEF1
345,ENSG00000086848,ALG9
346,ENSG00000087008,ACOX3
347,ENSG00000087053,MTMR2
348,ENSG00000087076,HSD17B14
349,ENSG00000087085,ACHE
350,ENSG00000087095,NLK
351,ENSG00000087111,PIGS
352,ENSG00000087157,PGS1
353,ENSG00000087253,LPCAT2
354,ENSG00000087470,DNM1L
355,ENSG00000087586,AURKA
356,ENSG00000088002,SULT2B1
357,ENSG00000088035,ALG6
358,ENSG00000088179,PTPN4
359,ENSG00000088205,DDX18
360,ENSG00000088451,TGDS
361,ENSG00000088766,CRLS1
362,ENSG00000088826,SMOX
363,ENSG00000089022,MAPKAPK5
364,ENSG00000089057,SLC23A2
365,ENSG00000089250,NOS1
366,ENSG00000089597,GANAB
367,ENSG00000089737,DDX24
368,ENSG00000090013,BLVRB
369,ENSG00000090020,SLC9A1
370,ENSG00000090054,SPTLC1
371,ENSG00000090060,PAPOLA
372,ENSG00000090266,NDUFB2
373,ENSG00000090661,CERS4
374,ENSG00000090861,AARS1
375,ENSG00000090971,NAT14
376,ENSG00000091137,SLC26A4
377,ENSG00000091140,DLD
378,ENSG00000091436,MAP3K20
379,ENSG00000091483,FH
380,ENSG00000091664,SLC17A6
381,ENSG00000092068,SLC7A8
382,ENSG00000092439,TRPM7
383,ENSG00000092445,TYRO3
384,ENSG00000092529,CAPN3
385,ENSG00000092621,PHGDH
386,ENSG00000092964,DPYSL2
387,ENSG00000093000,NUP50
388,ENSG00000093010,COMT
389,ENSG00000093072,ADA2
390,ENSG00000093217,XYLB
391,ENSG00000094841,UPRT
392,ENSG00000094963,FMO2
393,ENSG00000095015,MAP3K1
394,ENSG00000095139,ARCN1
395,ENSG00000095303,PTGS1
396,ENSG00000095319,NUP188
397,ENSG00000095321,CRAT
398,ENSG00000095380,NANS
399,ENSG00000095596,CYP26A1
400,ENSG00000096063,SRPK1
401,ENSG00000096717,SIRT1
402,ENSG00000096968,JAK2
403,ENSG00000097007,ABL1
404,ENSG00000097021,ACOT7
405,ENSG00000097033,SH3GLB1
406,ENSG00000097046,CDC7
407,ENSG00000099194,SCD
408,ENSG00000099308,MAST3
409,ENSG00000099377,HSD3B7
410,ENSG00000099381,SETD1A
411,ENSG00000099624,ATP5F1D
412,ENSG00000099795,NDUFB7
413,ENSG00000099797,TECR
414,ENSG00000099810,MTAP
415,ENSG00000099817,POLR2E
416,ENSG00000099821,POLRMT
417,ENSG00000099875,MKNK2
418,ENSG00000099904,ZDHHC8
419,ENSG00000099984,GSTT2
420,ENSG00000099998,GGT5
421,ENSG00000100030,MAPK1
422,ENSG00000100031,GGT1
423,ENSG00000100033,PRODH
424,ENSG00000100034,PPM1F
425,ENSG00000100075,SLC25A1
426,ENSG00000100092,SH3BP1
427,ENSG00000100116,GCAT
428,ENSG00000100142,POLR2F
429,ENSG00000100156,SLC16A8
430,ENSG00000100201,DDX17
431,ENSG00000100288,CHKB
432,ENSG00000100294,MCAT
433,ENSG00000100297,MCM5
434,ENSG00000100299,ARSA
435,ENSG00000100330,MTMR3
436,ENSG00000100344,PNPLA3
437,ENSG00000100354,TNRC6B
438,ENSG00000100372,SLC25A17
439,ENSG00000100412,ACO2
440,ENSG00000100413,POLR3H
441,ENSG00000100417,PMM1
442,ENSG00000100422,CERK
443,ENSG00000100490,CDKL1
444,ENSG00000100504,PYGL
445,ENSG00000100522,GNPNAT1
446,ENSG00000100526,CDKN3
447,ENSG00000100554,ATP6V1D
448,ENSG00000100564,PIGH
449,ENSG00000100577,GSTZ1
450,ENSG00000100596,SPTLC2
451,ENSG00000100600,LGMN
452,ENSG00000100605,ITPK1
453,ENSG00000100614,PPM1A
454,ENSG00000100626,GALNT16
455,ENSG00000100644,HIF1A
456,ENSG00000100714,MTHFD1
457,ENSG00000100749,VRK1
458,ENSG00000100784,RPS6KA5
459,ENSG00000100867,DHRS2
460,ENSG00000100888,CHD8
461,ENSG00000100889,PCK2
462,ENSG00000100938,GMPR2
463,ENSG00000100979,PLTP
464,ENSG00000100983,GSS
465,ENSG00000100994,PYGB
466,ENSG00000100997,ABHD12
467,ENSG00000101049,SGK2
468,ENSG00000101109,STK4
469,ENSG00000101160,CTSZ
470,ENSG00000101187,SLCO4A1
471,ENSG00000101210,EEF1A2
472,ENSG00000101224,CDC25B
473,ENSG00000101255,TRIB3
474,ENSG00000101266,CSNK2A1
475,ENSG00000101290,CDS2
476,ENSG00000101306,MYLK2
477,ENSG00000101333,PLCB4
478,ENSG00000101336,HCK
479,ENSG00000101349,PAK5
480,ENSG00000101350,KIF3B
481,ENSG00000101365,IDH3B
482,ENSG00000101438,SLC32A1
483,ENSG00000101444,AHCY
484,ENSG00000101452,DHX35
485,ENSG00000101464,PIGU
486,ENSG00000101473,ACOT8
487,ENSG00000101558,VAPA
488,ENSG00000101577,LPIN2
489,ENSG00000101638,ST8SIA5
490,ENSG00000101670,LIPG
491,ENSG00000101751,POLI
492,ENSG00000101782,RIOK3
493,ENSG00000101846,STS
494,ENSG00000101868,POLA1
495,ENSG00000101901,ALG13
496,ENSG00000101911,PRPS2
497,ENSG00000101945,SUV39H1
498,ENSG00000101974,ATP11C
499,ENSG00000101986,ABCD1
500,ENSG00000102030,NAA10
501,ENSG00000102032,RENBP
502,ENSG00000102078,SLC25A14
503,ENSG00000102096,PIM2
504,ENSG00000102100,SLC35A2
505,ENSG00000102144,PGK1
506,ENSG00000102172,SMS
507,ENSG00000102225,CDK16
508,ENSG00000102230,PCYT1B
509,ENSG00000102312,PORCN
510,ENSG00000102383,ZDHHC15
511,ENSG00000102393,GLA
512,ENSG00000102572,STK24
513,ENSG00000102575,ACP5
514,ENSG00000102595,UGGT2
515,ENSG00000102743,SLC25A15
516,ENSG00000102755,FLT1
517,ENSG00000102780,DGKH
518,ENSG00000102781,KATNAL1
519,ENSG00000102882,MAPK3
520,ENSG00000102893,PHKB
521,ENSG00000102900,NUP93
522,ENSG00000102967,DHODH
523,ENSG00000102978,POLR2C
524,ENSG00000103024,NME3
525,ENSG00000103056,SMPD3
526,ENSG00000103064,SLC7A6
527,ENSG00000103066,PLA2G15
528,ENSG00000103150,MLYCD
529,ENSG00000103202,NME4
530,ENSG00000103222,ABCC1
531,ENSG00000103253,HAGHL
532,ENSG00000103257,SLC7A5
533,ENSG00000103356,EARS2
534,ENSG00000103485,QPRT
535,ENSG00000103489,XYLT1
536,ENSG00000103502,CDIPT
537,ENSG00000103569,AQP9
538,ENSG00000103653,CSK
539,ENSG00000103740,ACSBG1
540,ENSG00000103811,CTSH
541,ENSG00000103876,FAH
542,ENSG00000104043,ATP8B4
543,ENSG00000104205,SGK3
544,ENSG00000104219,ZDHHC2
545,ENSG00000104267,CA2
546,ENSG00000104312,RIPK2
547,ENSG00000104313,EYA1
548,ENSG00000104325,DECR1
549,ENSG00000104331,BPNT2
550,ENSG00000104365,IKBKB
551,ENSG00000104375,STK3
552,ENSG00000104522,GFUS
553,ENSG00000104524,PYCR3
554,ENSG00000104549,SQLE
555,ENSG00000104635,SLC39A14
556,ENSG00000104687,GSR
557,ENSG00000104695,PPP2CB
558,ENSG00000104723,TUSC3
559,ENSG00000104738,MCM4
560,ENSG00000104763,ASAH1
561,ENSG00000104774,MAN2B1
562,ENSG00000104812,GYS1
563,ENSG00000104814,MAP4K1
564,ENSG00000104823,ECH1
565,ENSG00000104835,SARS2
566,ENSG00000104884,ERCC2
567,ENSG00000104885,DOT1L
568,ENSG00000104888,SLC17A7
569,ENSG00000104936,DMPK
570,ENSG00000105053,VRK3
571,ENSG00000105143,SLC1A6
572,ENSG00000105146,AURKC
573,ENSG00000105204,DYRK1B
574,ENSG00000105220,GPI
575,ENSG00000105221,AKT2
576,ENSG00000105223,PLD3
577,ENSG00000105258,POLR2I
578,ENSG00000105281,SLC1A5
579,ENSG00000105287,PRKD2
580,ENSG00000105355,PLIN3
581,ENSG00000105379,ETFB
582,ENSG00000105397,TYK2
583,ENSG00000105398,SULT2A1
584,ENSG00000105409,ATP1A3
585,ENSG00000105426,PTPRS
586,ENSG00000105499,PLA2G4C
587,ENSG00000105509,HAS1
588,ENSG00000105520,PLPPR2
589,ENSG00000105552,BCAT2
590,ENSG00000105568,PPP2R1A
591,ENSG00000105607,GCDH
592,ENSG00000105613,MAST1
593,ENSG00000105618,PRPF31
594,ENSG00000105639,JAK3
595,ENSG00000105647,PIK3R2
596,ENSG00000105650,PDE4C
597,ENSG00000105655,ISYNA1
598,ENSG00000105669,COPE
599,ENSG00000105671,DDX49
600,ENSG00000105810,CDK6
601,ENSG00000105835,NAMPT
602,ENSG00000105851,PIK3CG
603,ENSG00000105953,OGDH
604,ENSG00000105976,MET
605,ENSG00000106049,HIBADH
606,ENSG00000106105,GARS1
607,ENSG00000106123,EPHB6
608,ENSG00000106278,PTPRZ1
609,ENSG00000106348,IMPDH1
610,ENSG00000106392,C1GALT1
611,ENSG00000106397,PLOD3
612,ENSG00000106462,EZH2
613,ENSG00000106617,PRKAG2
614,ENSG00000106628,POLD2
615,ENSG00000106633,GCK
616,ENSG00000106636,YKT6
617,ENSG00000106648,GALNTL5
618,ENSG00000106683,LIMK1
619,ENSG00000106688,SLC1A1
620,ENSG00000106733,NMRK1
621,ENSG00000106799,TGFBR1
622,ENSG00000106853,PTGR1
623,ENSG00000106976,DNM1
624,ENSG00000106992,AK1
625,ENSG00000107104,KANK1
626,ENSG00000107140,TESK1
627,ENSG00000107242,PIP5K1B
628,ENSG00000107317,PTGDS
629,ENSG00000107537,PHYH
630,ENSG00000107614,TRDMT1
631,ENSG00000107625,DDX50
632,ENSG00000107643,MAPK8
633,ENSG00000107758,PPP3CB
634,ENSG00000107779,BMPR1A
635,ENSG00000107789,MINPP1
636,ENSG00000107798,LIPA
637,ENSG00000107902,LHPP
638,ENSG00000107951,MTPAP
639,ENSG00000107968,MAP3K8
640,ENSG00000108381,ASPA
641,ENSG00000108439,PNPO
642,ENSG00000108443,RPS6KB1
643,ENSG00000108468,CBX1
644,ENSG00000108469,RECQL5
645,ENSG00000108474,PIGL
646,ENSG00000108479,GALK1
647,ENSG00000108515,ENO3
648,ENSG00000108528,SLC25A11
649,ENSG00000108559,NUP88
650,ENSG00000108654,DDX5
651,ENSG00000108784,NAGLU
652,ENSG00000108786,HSD17B1
653,ENSG00000108799,EZH1
654,ENSG00000108839,ALOX12
655,ENSG00000108846,ABCC3
656,ENSG00000108861,DUSP3
657,ENSG00000108932,SLC16A6
658,ENSG00000108946,PRKAR1A
659,ENSG00000108984,MAP2K6
660,ENSG00000109065,NAT9
661,ENSG00000109107,ALDOC
662,ENSG00000109181,UGT2B10
663,ENSG00000109323,MANBA
664,ENSG00000109339,MAPK10
665,ENSG00000109390,NDUFC1
666,ENSG00000109452,INPP4B
667,ENSG00000109576,AADAT
668,ENSG00000109586,GALNT7
669,ENSG00000109606,DHX15
670,ENSG00000109610,SOD3
671,ENSG00000109667,SLC2A9
672,ENSG00000109685,NSD2
673,ENSG00000109743,BST1
674,ENSG00000109814,UGDH
675,ENSG00000109854,HTATIP2
676,ENSG00000109861,CTSC
677,ENSG00000109929,SC5D
678,ENSG00000109956,B3GAT1
679,ENSG00000110066,KMT5B
680,ENSG00000110080,ST3GAL4
681,ENSG00000110090,CPT1A
682,ENSG00000110328,GALNT18
683,ENSG00000110367,DDX6
684,ENSG00000110422,HIPK3
685,ENSG00000110435,PDHX
686,ENSG00000110436,SLC1A2
687,ENSG00000110536,PTPMT1
688,ENSG00000110583,NAA40
689,ENSG00000110619,CARS1
690,ENSG00000110713,NUP98
691,ENSG00000110717,NDUFS8
692,ENSG00000110719,TCIRG1
693,ENSG00000110721,CHKA
694,ENSG00000110786,PTPN5
695,ENSG00000110871,COQ5
696,ENSG00000110887,DAO
697,ENSG00000110911,SLC11A2
698,ENSG00000110921,MVK
699,ENSG00000110931,CAMKK2
700,ENSG00000110955,ATP5F1B
701,ENSG00000110958,PTGES3
702,ENSG00000111058,ACSS3
703,ENSG00000111077,TNS2
704,ENSG00000111144,LTA4H
705,ENSG00000111181,SLC6A12
706,ENSG00000111237,VPS29
707,ENSG00000111261,MANSC1
708,ENSG00000111266,DUSP16
709,ENSG00000111271,ACAD10
710,ENSG00000111275,ALDH2
711,ENSG00000111364,DDX55
712,ENSG00000111371,SLC38A1
713,ENSG00000111445,RFC5
714,ENSG00000111581,NUP107
715,ENSG00000111640,GAPDH
716,ENSG00000111642,CHD4
717,ENSG00000111666,CHPT1
718,ENSG00000111669,TPI1
719,ENSG00000111674,ENO2
720,ENSG00000111679,PTPN6
721,ENSG00000111684,LPCAT3
722,ENSG00000111696,NT5DC3
723,ENSG00000111716,LDHB
724,ENSG00000111726,CMAS
725,ENSG00000111728,ST8SIA1
726,ENSG00000111775,COX6A1
727,ENSG00000111817,DSE
728,ENSG00000111846,GCNT2
729,ENSG00000111877,MCM9
730,ENSG00000111885,MAN1A1
731,ENSG00000111962,UST
732,ENSG00000112053,SLC26A8
733,ENSG00000112062,MAPK14
734,ENSG00000112077,RHAG
735,ENSG00000112079,STK38
736,ENSG00000112096,SOD2
737,ENSG00000112118,MCM3
738,ENSG00000112144,CILK1
739,ENSG00000112245,PTP4A1
740,ENSG00000112294,ALDH5A1
741,ENSG00000112309,B3GAT2
742,ENSG00000112367,FIG4
743,ENSG00000112394,SLC16A10
744,ENSG00000112425,EPM2A
745,ENSG00000112499,SLC22A2
746,ENSG00000112541,PDE10A
747,ENSG00000112655,PTK7
748,ENSG00000112679,DUSP22
749,ENSG00000112695,COX7A2
750,ENSG00000112699,GMDS
751,ENSG00000112739,PRPF4B
752,ENSG00000112759,SLC29A1
753,ENSG00000112855,HARS2
754,ENSG00000112874,NUDT12
755,ENSG00000112893,MAN2A1
756,ENSG00000112941,TENT4A
757,ENSG00000112972,HMGCS1
758,ENSG00000112981,NME5
759,ENSG00000112992,NNT
760,ENSG00000113141,IK
761,ENSG00000113161,HMGCR
762,ENSG00000113163,CERT1
763,ENSG00000113231,PDE8B
764,ENSG00000113240,CLK4
765,ENSG00000113273,ARSB
766,ENSG00000113356,POLR3G
767,ENSG00000113396,SLC27A6
768,ENSG00000113407,TARS1
769,ENSG00000113448,PDE4D
770,ENSG00000113456,RAD1
771,ENSG00000113504,SLC12A7
772,ENSG00000113552,GNPDA1
773,ENSG00000113569,NUP155
774,ENSG00000113575,PPP2CA
775,ENSG00000113643,RARS1
776,ENSG00000113657,DPYSL3
777,ENSG00000113712,CSNK1A1
778,ENSG00000113721,PDGFRB
779,ENSG00000113732,ATP6V0E1
780,ENSG00000113790,EHHADH
781,ENSG00000113924,HGD
782,ENSG00000114021,NIT2
783,ENSG00000114054,PCCB
784,ENSG00000114115,RBP1
785,ENSG00000114200,BCHE
786,ENSG00000114268,PFKFB4
787,ENSG00000114302,PRKAR2A
788,ENSG00000114480,GBE1
789,ENSG00000114491,UMPS
790,ENSG00000114573,ATP6V1A
791,ENSG00000114670,NEK11
792,ENSG00000114738,MAPKAPK3
793,ENSG00000114739,ACVR2B
794,ENSG00000114770,ABCC5
795,ENSG00000114805,PLCH1
796,ENSG00000114902,SPCS1
797,ENSG00000114904,NEK4
798,ENSG00000114923,SLC4A3
799,ENSG00000114956,DGUOK
800,ENSG00000115020,PIKFYVE
801,ENSG00000115159,GPD2
802,ENSG00000115170,ACVR1
803,ENSG00000115241,PPM1G
804,ENSG00000115252,PDE1A
805,ENSG00000115267,IFIH1
806,ENSG00000115275,MOGS
807,ENSG00000115286,NDUFS7
808,ENSG00000115350,POLE4
809,ENSG00000115419,GLS
810,ENSG00000115421,PAPOLG
811,ENSG00000115425,PECR
812,ENSG00000115525,ST3GAL5
813,ENSG00000115526,CHST10
814,ENSG00000115556,PLCD4
815,ENSG00000115652,UXS1
816,ENSG00000115657,ABCB6
817,ENSG00000115661,STK16
818,ENSG00000115677,HDLBP
819,ENSG00000115687,PASK
820,ENSG00000115694,STK25
821,ENSG00000115705,TPO
822,ENSG00000115758,ODC1
823,ENSG00000115825,PRKD3
824,ENSG00000115840,SLC25A12
825,ENSG00000115866,DARS1
826,ENSG00000115884,SDC1
827,ENSG00000115896,PLCL1
828,ENSG00000115902,SLC1A4
829,ENSG00000115919,KYNU
830,ENSG00000115944,COX7A2L
831,ENSG00000115977,AAK1
832,ENSG00000116005,PCYOX1
833,ENSG00000116096,SPR
834,ENSG00000116106,EPHA4
835,ENSG00000116120,FARSB
836,ENSG00000116133,DHCR24
837,ENSG00000116141,MARK1
838,ENSG00000116157,GPX7
839,ENSG00000116171,SCP2
840,ENSG00000116199,FAM20B
841,ENSG00000116237,ICMT
842,ENSG00000116254,CHD5
843,ENSG00000116337,AMPD2
844,ENSG00000116353,MECR
845,ENSG00000116459,ATP5PB
846,ENSG00000116539,ASH1L
847,ENSG00000116649,SRM
848,ENSG00000116675,DNAJC6
849,ENSG00000116704,SLC35D1
850,ENSG00000116711,PLA2G4A
851,ENSG00000116745,RPE65
852,ENSG00000116761,CTH
853,ENSG00000116771,AGMAT
854,ENSG00000116783,TNNI3K
855,ENSG00000116791,CRYZ
856,ENSG00000116874,WARS2
857,ENSG00000116906,GNPAT
858,ENSG00000116981,NT5C1A
859,ENSG00000116984,MTR
860,ENSG00000117009,KMO
861,ENSG00000117020,AKT3
862,ENSG00000117054,ACADM
863,ENSG00000117069,ST6GALNAC5
864,ENSG00000117115,PADI2
865,ENSG00000117118,SDHB
866,ENSG00000117143,UAP1
867,ENSG00000117266,CDK18
868,ENSG00000117305,HMGCL
869,ENSG00000117308,GALE
870,ENSG00000117394,SLC2A1
871,ENSG00000117410,ATP6V0B
872,ENSG00000117411,B4GALT2
873,ENSG00000117448,AKR1A1
874,ENSG00000117450,PRDX1
875,ENSG00000117461,PIK3R3
876,ENSG00000117479,SLC19A2
877,ENSG00000117480,FAAH
878,ENSG00000117592,PRDX6
879,ENSG00000117593,DARS2
880,ENSG00000117594,HSD11B1
881,ENSG00000117598,PLPPR5
882,ENSG00000117600,PLPPR4
883,ENSG00000117620,SLC35A3
884,ENSG00000117643,MAN1C1
885,ENSG00000117676,RPS6KA1
886,ENSG00000117682,DHDDS
887,ENSG00000117984,CTSD
888,ENSG00000118046,STK11
889,ENSG00000118058,KMT2A
890,ENSG00000118276,B4GALT6
891,ENSG00000118298,CA14
892,ENSG00000118322,ATP10B
893,ENSG00000118363,SPCS2
894,ENSG00000118402,ELOVL4
895,ENSG00000118515,SGK1
896,ENSG00000118596,SLC16A7
897,ENSG00000118705,RPN2
898,ENSG00000119013,NDUFB3
899,ENSG00000119125,GDA
900,ENSG00000119227,PIGZ
901,ENSG00000119408,NEK6
902,ENSG00000119414,PPP6C
903,ENSG00000119421,NDUFA8
904,ENSG00000119523,ALG2
905,ENSG00000119537,KDSR
906,ENSG00000119638,NEK9
907,ENSG00000119640,ACYP1
908,ENSG00000119673,ACOT2
909,ENSG00000119689,DLST
910,ENSG00000119711,ALDH6A1
911,ENSG00000119723,COQ6
912,ENSG00000119772,DNMT3A
913,ENSG00000119899,SLC17A5
914,ENSG00000119927,GPAM
915,ENSG00000119938,PPP1R3C
916,ENSG00000120053,GOT1
917,ENSG00000120129,DUSP1
918,ENSG00000120137,PANK3
919,ENSG00000120156,TEK
920,ENSG00000120253,NUP43
921,ENSG00000120254,MTHFD1L
922,ENSG00000120437,ACAT2
923,ENSG00000120539,MASTL
924,ENSG00000120697,ALG5
925,ENSG00000120820,GLT8D2
926,ENSG00000120875,DUSP4
927,ENSG00000120899,PTK2B
928,ENSG00000120910,PPP3CC
929,ENSG00000120915,EPHX2
930,ENSG00000120942,UBIAD1
931,ENSG00000121039,RDH10
932,ENSG00000121053,EPX
933,ENSG00000121281,ADCY7
934,ENSG00000121578,B4GALT4
935,ENSG00000121579,NAA50
936,ENSG00000121691,CAT
937,ENSG00000121769,FABP3
938,ENSG00000121851,POLR3GL
939,ENSG00000121879,PIK3CA
940,ENSG00000121897,LIAS
941,ENSG00000121900,TMEM54
942,ENSG00000121989,ACVR2A
943,ENSG00000122008,POLK
944,ENSG00000122126,OCRL
945,ENSG00000122218,COPA
946,ENSG00000122254,HS3ST2
947,ENSG00000122390,NAA60
948,ENSG00000122484,RPAP2
949,ENSG00000122643,NT5C3A
950,ENSG00000122678,POLM
951,ENSG00000122729,ACO1
952,ENSG00000122787,AKR1D1
953,ENSG00000122824,NUDT10
954,ENSG00000122863,CHST3
955,ENSG00000122884,P4HA1
956,ENSG00000122912,SLC25A16
957,ENSG00000122966,CIT
958,ENSG00000122971,ACADS
959,ENSG00000123064,DDX54
960,ENSG00000123130,ACOT9
961,ENSG00000123136,DDX39A
962,ENSG00000123143,PKN1
963,ENSG00000123360,PDE1B
964,ENSG00000123374,CDK2
965,ENSG00000123472,ATPAF1
966,ENSG00000123505,AMD1
967,ENSG00000123612,ACVR1C
968,ENSG00000123643,SLC36A1
969,ENSG00000123684,LPGAT1
970,ENSG00000123689,G0S2
971,ENSG00000123739,PLA2G12A
972,ENSG00000123836,PFKFB2
973,ENSG00000123983,ACSL3
974,ENSG00000123989,CHPF
975,ENSG00000124006,OBSL1
976,ENSG00000124067,SLC12A4
977,ENSG00000124140,SLC12A5
978,ENSG00000124155,PIGT
979,ENSG00000124164,VAPB
980,ENSG00000124172,ATP5F1E
981,ENSG00000124177,CHD6
982,ENSG00000124181,PLCG1
983,ENSG00000124212,PTGIS
984,ENSG00000124228,DDX27
985,ENSG00000124302,CHST8
986,ENSG00000124357,NAGK
987,ENSG00000124370,MCEE
988,ENSG00000124406,ATP8A1
989,ENSG00000124523,SIRT5
990,ENSG00000124596,OARD1
991,ENSG00000124608,AARS2
992,ENSG00000124615,MOCS1
993,ENSG00000124767,GLO1
994,ENSG00000124784,RIOK1
995,ENSG00000124789,NUP153
996,ENSG00000125166,GOT2
997,ENSG00000125246,CLYBL
998,ENSG00000125257,ABCC4
999,ENSG00000125356,NDUFA1
1000,ENSG00000125375,DMAC2L
1001,ENSG00000125450,NUP85
1002,ENSG00000125454,SLC25A19
1003,ENSG00000125458,NT5C
1004,ENSG00000125485,DDX31
1005,ENSG00000125505,MBOAT7
1006,ENSG00000125630,POLR1B
1007,ENSG00000125651,GTF2F1
1008,ENSG00000125772,GPCPD1
1009,ENSG00000125779,PANK2
1010,ENSG00000125834,STK35
1011,ENSG00000125877,ITPA
1012,ENSG00000125885,MCM8
1013,ENSG00000126088,UROD
1014,ENSG00000126091,ST3GAL3
1015,ENSG00000126264,HCST
1016,ENSG00000126267,COX6B1
1017,ENSG00000126432,PRDX5
1018,ENSG00000126522,ASL
1019,ENSG00000126583,PRKCG
1020,ENSG00000126821,SGPP1
1021,ENSG00000126883,NUP214
1022,ENSG00000126934,MAP2K2
1023,ENSG00000127080,IPPK
1024,ENSG00000127125,PPCS
1025,ENSG00000127184,COX7C
1026,ENSG00000127329,PTPRB
1027,ENSG00000127334,DYRK2
1028,ENSG00000127415,IDUA
1029,ENSG00000127472,PLA2G5
1030,ENSG00000127540,UQCR11
1031,ENSG00000127564,PKMYT1
1032,ENSG00000127884,ECHS1
1033,ENSG00000127947,PTPN12
1034,ENSG00000127952,STYXL1
1035,ENSG00000128039,SRD5A3
1036,ENSG00000128050,PAICS
1037,ENSG00000128052,KDR
1038,ENSG00000128059,PPAT
1039,ENSG00000128242,GAL3ST1
1040,ENSG00000128268,MGAT3
1041,ENSG00000128274,A4GALT
1042,ENSG00000128309,MPST
1043,ENSG00000128311,TST
1044,ENSG00000128524,ATP6V1F
1045,ENSG00000128609,NDUFA5
1046,ENSG00000128683,GAD1
1047,ENSG00000128829,EIF2AK4
1048,ENSG00000128908,INO80
1049,ENSG00000128918,ALDH1A2
1050,ENSG00000128928,IVD
1051,ENSG00000128951,DUT
1052,ENSG00000129083,COPB1
1053,ENSG00000129128,SPCS3
1054,ENSG00000129151,BBOX1
1055,ENSG00000129167,TPH1
1056,ENSG00000129187,DCTD
1057,ENSG00000129219,PLD2
1058,ENSG00000129244,ATP1B2
1059,ENSG00000129353,SLC44A2
1060,ENSG00000129467,ADCY4
1061,ENSG00000129562,DAD1
1062,ENSG00000129596,CDO1
1063,ENSG00000129951,PLPPR3
1064,ENSG00000130005,GAMT
1065,ENSG00000130035,GALNT8
1066,ENSG00000130052,STARD8
1067,ENSG00000130066,SAT1
1068,ENSG00000130164,LDLR
1069,ENSG00000130175,PRKCSH
1070,ENSG00000130227,XPO7
1071,ENSG00000130304,SLC27A1
1072,ENSG00000130309,COLGALT1
1073,ENSG00000130313,PGLS
1074,ENSG00000130413,STK33
1075,ENSG00000130414,NDUFA10
1076,ENSG00000130508,PXDN
1077,ENSG00000130540,SULT4A1
1078,ENSG00000130649,CYP2E1
1079,ENSG00000130669,PAK4
1080,ENSG00000130707,ASS1
1081,ENSG00000130717,UCK1
1082,ENSG00000130758,MAP3K10
1083,ENSG00000130816,DNMT1
1084,ENSG00000130821,SLC6A8
1085,ENSG00000130822,PNCK
1086,ENSG00000130876,SLC7A10
1087,ENSG00000130948,HSD17B3
1088,ENSG00000130958,SLC35D2
1089,ENSG00000130997,POLN
1090,ENSG00000131023,LATS1
1091,ENSG00000131055,COX4I2
1092,ENSG00000131067,GGT7
1093,ENSG00000131069,ACSS2
1094,ENSG00000131100,ATP6V1E1
1095,ENSG00000131143,COX4I1
1096,ENSG00000131174,COX7B
1097,ENSG00000131203,IDO1
1098,ENSG00000131238,PPT1
1099,ENSG00000131373,HACL1
1100,ENSG00000131386,GALNT15
1101,ENSG00000131389,SLC6A6
1102,ENSG00000131446,MGAT1
1103,ENSG00000131459,GFPT2
1104,ENSG00000131471,AOC3
1105,ENSG00000131473,ACLY
1106,ENSG00000131495,NDUFA2
1107,ENSG00000131730,CKMT2
1108,ENSG00000131748,STARD3
1109,ENSG00000131771,PPP1R1B
1110,ENSG00000131781,FMO5
1111,ENSG00000131791,PRKAB2
1112,ENSG00000131828,PDHA1
1113,ENSG00000131844,MCCC2
1114,ENSG00000131873,CHSY1
1115,ENSG00000131979,GCH1
1116,ENSG00000132142,ENSG00000132142
1117,ENSG00000132153,DHX30
1118,ENSG00000132155,RAF1
1119,ENSG00000132164,SLC6A11
1120,ENSG00000132182,NUP210
1121,ENSG00000132196,HSD17B7
1122,ENSG00000132323,ILKAP
1123,ENSG00000132330,SCLY
1124,ENSG00000132334,PTPRE
1125,ENSG00000132356,PRKAA1
1126,ENSG00000132376,INPP5K
1127,ENSG00000132382,MYBBP1A
1128,ENSG00000132423,COQ3
1129,ENSG00000132437,DDC
1130,ENSG00000132570,PCBD2
1131,ENSG00000132664,POLR3F
1132,ENSG00000132670,PTPRA
1133,ENSG00000132744,ACY3
1134,ENSG00000132793,LPIN3
1135,ENSG00000132837,DMGDH
1136,ENSG00000132840,BHMT2
1137,ENSG00000132874,SLC14A2
1138,ENSG00000132932,ATP8A2
1139,ENSG00000132964,CDK8
1140,ENSG00000133027,PEMT
1141,ENSG00000133048,CHI3L1
1142,ENSG00000133056,PIK3C2B
1143,ENSG00000133059,DSTYK
1144,ENSG00000133083,DCLK1
1145,ENSG00000133121,STARD13
1146,ENSG00000133216,EPHB2
1147,ENSG00000133247,KMT5C
1148,ENSG00000133256,PDE6B
1149,ENSG00000133275,CSNK1G2
1150,ENSG00000133313,CNDP2
1151,ENSG00000133315,MACROD1
1152,ENSG00000133433,GSTT2B
1153,ENSG00000133460,SLC2A11
1154,ENSG00000133706,LARS1
1155,ENSG00000133731,IMPA1
1156,ENSG00000133805,AMPD3
1157,ENSG00000133835,HSD17B4
1158,ENSG00000133878,DUSP26
1159,ENSG00000134058,CDK7
1160,ENSG00000134070,IRAK2
1161,ENSG00000134072,CAMK1
1162,ENSG00000134184,GSTM1
1163,ENSG00000134201,GSTM5
1164,ENSG00000134202,GSTM3
1165,ENSG00000134255,CEPT1
1166,ENSG00000134294,SLC38A2
1167,ENSG00000134318,ROCK2
1168,ENSG00000134324,LPIN1
1169,ENSG00000134326,CMPK2
1170,ENSG00000134440,NARS1
1171,ENSG00000134452,FBH1
1172,ENSG00000134575,ACP2
1173,ENSG00000134684,YARS1
1174,ENSG00000134716,CYP2J2
1175,ENSG00000134744,TUT4
1176,ENSG00000134780,DAGLA
1177,ENSG00000134824,FADS2
1178,ENSG00000134853,PDGFRA
1179,ENSG00000134864,GGACT
1180,ENSG00000134882,UBAC2
1181,ENSG00000134905,CARS2
1182,ENSG00000134910,STT3A
1183,ENSG00000135002,RFK
1184,ENSG00000135047,CTSL
1185,ENSG00000135069,PSAT1
1186,ENSG00000135090,TAOK3
1187,ENSG00000135094,SDS
1188,ENSG00000135218,CD36
1189,ENSG00000135220,UGT2A3
1190,ENSG00000135226,UGT2B28
1191,ENSG00000135241,PNPLA8
1192,ENSG00000135250,SRPK2
1193,ENSG00000135318,NT5E
1194,ENSG00000135333,EPHA7
1195,ENSG00000135341,MAP3K7
1196,ENSG00000135372,NAT10
1197,ENSG00000135390,ATP5MC2
1198,ENSG00000135423,GLS2
1199,ENSG00000135437,RDH5
1200,ENSG00000135446,CDK4
1201,ENSG00000135447,PPP1R1A
1202,ENSG00000135454,B4GALNT1
1203,ENSG00000135503,ACVR1B
1204,ENSG00000135587,SMPD2
1205,ENSG00000135677,GNS
1206,ENSG00000135740,SLC9A5
1207,ENSG00000135778,NTPCR
1208,ENSG00000135821,GLUL
1209,ENSG00000135829,DHX9
1210,ENSG00000135845,PIGC
1211,ENSG00000135917,SLC19A3
1212,ENSG00000135929,CYP27A1
1213,ENSG00000135940,COX5B
1214,ENSG00000136010,ALDH1L2
1215,ENSG00000136098,NEK3
1216,ENSG00000136143,SUCLA2
1217,ENSG00000136169,SETDB2
1218,ENSG00000136213,CHST12
1219,ENSG00000136243,NUP42
1220,ENSG00000136247,ZDHHC4
1221,ENSG00000136267,DGKB
1222,ENSG00000136271,DDX56
1223,ENSG00000136371,MTHFS
1224,ENSG00000136381,IREB2
1225,ENSG00000136521,NDUFB5
1226,ENSG00000136628,EPRS1
1227,ENSG00000136643,RPS6KC1
1228,ENSG00000136699,SMPD4
1229,ENSG00000136720,HS6ST1
1230,ENSG00000136731,UGGT1
1231,ENSG00000136750,GAD2
1232,ENSG00000136807,CDK9
1233,ENSG00000136810,TXN
1234,ENSG00000136840,ST6GALNAC4
1235,ENSG00000136856,SLC2A8
1236,ENSG00000136872,ALDOB
1237,ENSG00000136875,PRPF4
1238,ENSG00000136877,FPGS
1239,ENSG00000136888,ATP6V1G1
1240,ENSG00000136908,DPM2
1241,ENSG00000137054,POLR1E
1242,ENSG00000137106,GRHPR
1243,ENSG00000137124,ALDH1B1
1244,ENSG00000137193,PIM1
1245,ENSG00000137198,GMPR
1246,ENSG00000137275,RIPK1
1247,ENSG00000137411,VARS2
1248,ENSG00000137491,SLCO2B1
1249,ENSG00000137496,IL18BP
1250,ENSG00000137513,NARS2
1251,ENSG00000137563,GGH
1252,ENSG00000137601,NEK1
1253,ENSG00000137700,SLC37A4
1254,ENSG00000137713,PPP2R1B
1255,ENSG00000137764,MAP2K5
1256,ENSG00000137770,CTDSPL2
1257,ENSG00000137825,ITPKA
1258,ENSG00000137841,PLCB2
1259,ENSG00000137843,PAK6
1260,ENSG00000137857,DUOX1
1261,ENSG00000137944,KYAT3
1262,ENSG00000137968,SLC44A5
1263,ENSG00000137992,DBT
1264,ENSG00000138018,SELENOI
1265,ENSG00000138029,HADHB
1266,ENSG00000138030,KHK
1267,ENSG00000138031,ADCY3
1268,ENSG00000138032,PPM1B
1269,ENSG00000138035,PNPT1
1270,ENSG00000138061,CYP1B1
1271,ENSG00000138074,SLC5A6
1272,ENSG00000138135,CH25H
1273,ENSG00000138166,DUSP5
1274,ENSG00000138185,ENTPD1
1275,ENSG00000138193,PLCE1
1276,ENSG00000138207,RBP4
1277,ENSG00000138363,ATIC
1278,ENSG00000138375,SMARCAL1
1279,ENSG00000138400,MDH1B
1280,ENSG00000138413,IDH1
1281,ENSG00000138449,SLC40A1
1282,ENSG00000138495,COX17
1283,ENSG00000138604,GLCE
1284,ENSG00000138621,PPCDC
1285,ENSG00000138669,PRKG2
1286,ENSG00000138678,GPAT3
1287,ENSG00000138696,BMPR1B
1288,ENSG00000138735,PDE5A
1289,ENSG00000138744,NAAA
1290,ENSG00000138750,NUP54
1291,ENSG00000138756,BMP2K
1292,ENSG00000138769,CDKL2
1293,ENSG00000138777,PPA2
1294,ENSG00000138796,HADH
1295,ENSG00000138801,PAPSS1
1296,ENSG00000138814,PPP3CA
1297,ENSG00000138821,SLC39A8
1298,ENSG00000138823,MTTP
1299,ENSG00000139044,B4GALNT3
1300,ENSG00000139131,YARS2
1301,ENSG00000139133,ALG10
1302,ENSG00000139155,SLCO1C1
1303,ENSG00000139163,ETNK1
1304,ENSG00000139180,NDUFA9
1305,ENSG00000139278,GLIPR1
1306,ENSG00000139287,TPH2
1307,ENSG00000139318,DUSP6
1308,ENSG00000139410,SDSL
1309,ENSG00000139428,MMAB
1310,ENSG00000139433,GLTP
1311,ENSG00000139496,NUP58
1312,ENSG00000139505,MTMR6
1313,ENSG00000139514,SLC7A1
1314,ENSG00000139531,SUOX
1315,ENSG00000139567,ACVRL1
1316,ENSG00000139624,CERS5
1317,ENSG00000139625,MAP3K12
1318,ENSG00000139629,GALNT6
1319,ENSG00000139631,CSAD
1320,ENSG00000139684,ESD
1321,ENSG00000139718,SETD1B
1322,ENSG00000139908,TSSK4
1323,ENSG00000140057,AK7
1324,ENSG00000140105,WARS1
1325,ENSG00000140199,SLC12A6
1326,ENSG00000140263,SORD
1327,ENSG00000140284,SLC27A2
1328,ENSG00000140287,HDC
1329,ENSG00000140297,GCNT3
1330,ENSG00000140374,ETFA
1331,ENSG00000140400,MAN2C1
1332,ENSG00000140443,IGF1R
1333,ENSG00000140459,CYP11A1
1334,ENSG00000140474,ULK3
1335,ENSG00000140505,CYP1A2
1336,ENSG00000140521,POLG
1337,ENSG00000140522,RLBP1
1338,ENSG00000140538,NTRK3
1339,ENSG00000140598,EFL1
1340,ENSG00000140612,SEC11A
1341,ENSG00000140650,PMM2
1342,ENSG00000140740,UQCRC2
1343,ENSG00000140829,DHX38
1344,ENSG00000140905,GCSH
1345,ENSG00000140990,NDUFB10
1346,ENSG00000140992,PDPK1
1347,ENSG00000141012,GALNS
1348,ENSG00000141141,ENSG00000141141
1349,ENSG00000141179,PCTP
1350,ENSG00000141279,NPEPPS
1351,ENSG00000141298,SSH2
1352,ENSG00000141349,G6PC3
1353,ENSG00000141401,IMPA2
1354,ENSG00000141424,SLC39A6
1355,ENSG00000141429,GALNT1
1356,ENSG00000141446,ESCO1
1357,ENSG00000141458,NPC1
1358,ENSG00000141469,SLC14A1
1359,ENSG00000141485,SLC13A5
1360,ENSG00000141503,MINK1
1361,ENSG00000141504,SAT2
1362,ENSG00000141506,PIK3R5
1363,ENSG00000141526,SLC16A3
1364,ENSG00000141543,EIF4A3
1365,ENSG00000141551,CSNK1D
1366,ENSG00000141560,FN3KRP
1367,ENSG00000141639,MAPK4
1368,ENSG00000141698,NT5C3B
1369,ENSG00000141720,ENSG00000141720
1370,ENSG00000141736,ERBB2
1371,ENSG00000141744,PNMT
1372,ENSG00000141873,SLC39A3
1373,ENSG00000141934,PLPP2
1374,ENSG00000141959,PFKL
1375,ENSG00000142082,SIRT3
1376,ENSG00000142102,PGGHG
1377,ENSG00000142149,HUNK
1378,ENSG00000142168,SOD1
1379,ENSG00000142185,TRPM2
1380,ENSG00000142208,AKT1
1381,ENSG00000142235,LMTK3
1382,ENSG00000142494,SLC47A1
1383,ENSG00000142583,SLC2A5
1384,ENSG00000142627,EPHA2
1385,ENSG00000142657,PGD
1386,ENSG00000142731,PLK4
1387,ENSG00000142733,MAP3K6
1388,ENSG00000142798,HSPG2
1389,ENSG00000142875,PRKACB
1390,ENSG00000142892,PIGK
1391,ENSG00000142920,AZIN2
1392,ENSG00000142949,PTPRF
1393,ENSG00000143036,SLC44A3
1394,ENSG00000143149,ALDH9A1
1395,ENSG00000143153,ATP1B1
1396,ENSG00000143156,NME7
1397,ENSG00000143158,MPC2
1398,ENSG00000143179,UCK2
1399,ENSG00000143198,MGST3
1400,ENSG00000143224,PPOX
1401,ENSG00000143252,SDHC
1402,ENSG00000143315,PIGM
1403,ENSG00000143322,ABL2
1404,ENSG00000143344,RGL1
1405,ENSG00000143363,PRUNE1
1406,ENSG00000143374,TARS2
1407,ENSG00000143379,SETDB1
1408,ENSG00000143387,CTSK
1409,ENSG00000143393,PI4KB
1410,ENSG00000143398,PIP5K1A
1411,ENSG00000143418,CERS2
1412,ENSG00000143479,DYRK3
1413,ENSG00000143507,DUSP10
1414,ENSG00000143515,ATP8B2
1415,ENSG00000143554,SLC27A3
1416,ENSG00000143570,SLC39A1
1417,ENSG00000143630,HCN3
1418,ENSG00000143641,GALNT2
1419,ENSG00000143653,SCCPDH
1420,ENSG00000143674,MAP3K21
1421,ENSG00000143727,ACP1
1422,ENSG00000143753,DEGS1
1423,ENSG00000143772,ITPKB
1424,ENSG00000143774,GUK1
1425,ENSG00000143776,CDC42BPA
1426,ENSG00000143797,MBOAT2
1427,ENSG00000143811,PYCR2
1428,ENSG00000143815,LBR
1429,ENSG00000143819,EPHX1
1430,ENSG00000143845,ETNK2
1431,ENSG00000143891,GALM
1432,ENSG00000144028,SNRNP200
1433,ENSG00000144048,DUSP11
1434,ENSG00000144057,ST6GAL2
1435,ENSG00000144136,SLC20A1
1436,ENSG00000144182,LIPT1
1437,ENSG00000144231,POLR2D
1438,ENSG00000144278,GALNT13
1439,ENSG00000144290,SLC4A10
1440,ENSG00000144362,PHOSPHO2
1441,ENSG00000144579,CTDSP1
1442,ENSG00000144591,GMPPA
1443,ENSG00000144677,CTDSPL
1444,ENSG00000144724,PTPRG
1445,ENSG00000144741,SLC25A26
1446,ENSG00000144843,ADPRH
1447,ENSG00000144908,ALDH1L1
1448,ENSG00000145020,AMT
1449,ENSG00000145214,DGKQ
1450,ENSG00000145217,SLC26A1
1451,ENSG00000145242,EPHA5
1452,ENSG00000145246,ATP10D
1453,ENSG00000145284,SCD5
1454,ENSG00000145293,ENOPH1
1455,ENSG00000145337,PYURF
1456,ENSG00000145349,CAMK2D
1457,ENSG00000145391,SETD7
1458,ENSG00000145439,CBR4
1459,ENSG00000145476,CYP4V2
1460,ENSG00000145494,NDUFS6
1461,ENSG00000145545,SRD5A1
1462,ENSG00000145626,UGT3A1
1463,ENSG00000145632,PLK2
1464,ENSG00000145675,PIK3R1
1465,ENSG00000145725,PPIP5K2
1466,ENSG00000145833,DDX46
1467,ENSG00000145982,FARS2
1468,ENSG00000146066,HIGD2A
1469,ENSG00000146070,PLA2G7
1470,ENSG00000146072,TNFRSF21
1471,ENSG00000146085,MMUT
1472,ENSG00000146151,HMGCLL1
1473,ENSG00000146233,CYP39A1
1474,ENSG00000146282,RARS2
1475,ENSG00000146411,SLC2A12
1476,ENSG00000146426,TIAM2
1477,ENSG00000146477,SLC22A3
1478,ENSG00000146648,EGFR
1479,ENSG00000146701,MDH2
1480,ENSG00000146733,PSPH
1481,ENSG00000146872,TLK2
1482,ENSG00000147044,CASK
1483,ENSG00000147100,SLC16A2
1484,ENSG00000147119,CHST7
1485,ENSG00000147123,NDUFB11
1486,ENSG00000147133,TAF1
1487,ENSG00000147155,EBP
1488,ENSG00000147162,OGT
1489,ENSG00000147224,PRPS1
1490,ENSG00000147383,NSDHL
1491,ENSG00000147408,CSGALNACT1
1492,ENSG00000147416,ATP6V1B2
1493,ENSG00000147454,SLC25A37
1494,ENSG00000147465,STAR
1495,ENSG00000147471,PLPBP
1496,ENSG00000147535,PLPP5
1497,ENSG00000147548,NSD3
1498,ENSG00000147647,DPYS
1499,ENSG00000147669,POLR2K
1500,ENSG00000147684,NDUFB9
1501,ENSG00000147804,SLC39A4
1502,ENSG00000147813,NAPRT
1503,ENSG00000147853,AK3
1504,ENSG00000147872,PLIN2
1505,ENSG00000148053,NTRK2
1506,ENSG00000148090,AUH
1507,ENSG00000148154,UGCG
1508,ENSG00000148218,ALAD
1509,ENSG00000148229,POLE3
1510,ENSG00000148288,GBGT1
1511,ENSG00000148334,PTGES2
1512,ENSG00000148344,PTGES
1513,ENSG00000148384,INPP5E
1514,ENSG00000148459,PDSS1
1515,ENSG00000148606,POLR3A
1516,ENSG00000148660,CAMK2G
1517,ENSG00000148672,GLUD1
1518,ENSG00000148795,CYP17A1
1519,ENSG00000148832,PAOX
1520,ENSG00000148834,GSTO1
1521,ENSG00000149016,TUT1
1522,ENSG00000149084,HSD17B12
1523,ENSG00000149089,APIP
1524,ENSG00000149091,DGKZ
1525,ENSG00000149150,SLC43A1
1526,ENSG00000149177,PTPRJ
1527,ENSG00000149269,PAK1
1528,ENSG00000149311,ATM
1529,ENSG00000149313,AASDHPPT
1530,ENSG00000149476,TKFC
1531,ENSG00000149485,FADS1
1532,ENSG00000149527,PLCH2
1533,ENSG00000149541,B3GAT3
1534,ENSG00000149554,CHEK1
1535,ENSG00000149599,DUSP15
1536,ENSG00000149782,PLCB3
1537,ENSG00000149809,TM7SF2
1538,ENSG00000149923,PPP4C
1539,ENSG00000149925,ALDOA
1540,ENSG00000149930,TAOK2
1541,ENSG00000150457,LATS2
1542,ENSG00000150540,HNMT
1543,ENSG00000150656,CNDP1
1544,ENSG00000150712,MTMR12
1545,ENSG00000150768,DLAT
1546,ENSG00000150787,PTS
1547,ENSG00000150867,PIP4K2A
1548,ENSG00000150990,DHX37
1549,ENSG00000151012,SLC7A11
1550,ENSG00000151093,OXSM
1551,ENSG00000151151,IPMK
1552,ENSG00000151229,SLC2A13
1553,ENSG00000151292,CSNK1G3
1554,ENSG00000151348,EXT2
1555,ENSG00000151366,NDUFC2
1556,ENSG00000151376,ME3
1557,ENSG00000151414,NEK7
1558,ENSG00000151422,FER
1559,ENSG00000151490,PTPRO
1560,ENSG00000151498,ACAD8
1561,ENSG00000151552,QDPR
1562,ENSG00000151611,MMAA
1563,ENSG00000151632,AKR1C2
1564,ENSG00000151665,PIGF
1565,ENSG00000151689,INPP1
1566,ENSG00000151726,ACSL1
1567,ENSG00000151729,SLC25A4
1568,ENSG00000151790,TDO2
1569,ENSG00000152104,PTPN14
1570,ENSG00000152127,MGAT5
1571,ENSG00000152234,ATP5F1A
1572,ENSG00000152256,PDK1
1573,ENSG00000152270,PDE3B
1574,ENSG00000152332,UHMK1
1575,ENSG00000152402,GUCY1A2
1576,ENSG00000152455,SUV39H2
1577,ENSG00000152495,CAMK4
1578,ENSG00000152556,PFKM
1579,ENSG00000152620,NADK2
1580,ENSG00000152642,GPD1L
1581,ENSG00000152782,PANK1
1582,ENSG00000152894,PTPRK
1583,ENSG00000152904,GGPS1
1584,ENSG00000152952,PLOD2
1585,ENSG00000152953,STK32B
1586,ENSG00000153201,RANBP2
1587,ENSG00000153208,MERTK
1588,ENSG00000153233,PTPRR
1589,ENSG00000153291,SLC25A27
1590,ENSG00000153395,LPCAT1
1591,ENSG00000153574,RPIA
1592,ENSG00000153707,PTPRD
1593,ENSG00000153786,ZDHHC7
1594,ENSG00000153922,CHD1
1595,ENSG00000153933,DGKE
1596,ENSG00000153936,HS2ST1
1597,ENSG00000154027,AK5
1598,ENSG00000154080,CHST9
1599,ENSG00000154229,PRKCA
1600,ENSG00000154237,LRRK1
1601,ENSG00000154305,MIA3
1602,ENSG00000154310,TNIK
1603,ENSG00000154330,PGM5
1604,ENSG00000154518,ATP5MC3
1605,ENSG00000154678,PDE1C
1606,ENSG00000154723,ATP5PF
1607,ENSG00000154822,PLCL2
1608,ENSG00000154928,EPHB1
1609,ENSG00000154930,ACSS1
1610,ENSG00000155016,CYP2U1
1611,ENSG00000155085,AK9
1612,ENSG00000155093,PTPRN2
1613,ENSG00000155097,ATP6V1C1
1614,ENSG00000155099,PIP4P2
1615,ENSG00000155111,CDK19
1616,ENSG00000155189,AGPAT5
1617,ENSG00000155252,PI4K2A
1618,ENSG00000155287,SLC25A28
1619,ENSG00000155368,DBI
1620,ENSG00000155380,SLC16A1
1621,ENSG00000155465,SLC7A7
1622,ENSG00000155561,NUP205
1623,ENSG00000155850,SLC26A2
1624,ENSG00000155893,PXYLP1
1625,ENSG00000155897,ADCY8
1626,ENSG00000156096,UGT2B4
1627,ENSG00000156110,ADK
1628,ENSG00000156136,DCK
1629,ENSG00000156219,ART3
1630,ENSG00000156345,CDK20
1631,ENSG00000156467,UQCRB
1632,ENSG00000156471,PTDSS1
1633,ENSG00000156475,PPP2R2B
1634,ENSG00000156508,EEF1A1
1635,ENSG00000156510,HKDC1
1636,ENSG00000156515,HK1
1637,ENSG00000156599,ZDHHC5
1638,ENSG00000156711,MAPK13
1639,ENSG00000156795,NTAQ1
1640,ENSG00000156802,ATAD2
1641,ENSG00000156873,PHKG2
1642,ENSG00000156958,GALK2
1643,ENSG00000156966,B3GNT7
1644,ENSG00000156970,BUB1B
1645,ENSG00000156973,PDE6D
1646,ENSG00000156976,EIF4A2
1647,ENSG00000157045,NTAN1
1648,ENSG00000157064,NMNAT2
1649,ENSG00000157103,SLC6A1
1650,ENSG00000157106,SMG1
1651,ENSG00000157184,CPT2
1652,ENSG00000157326,DHRS4
1653,ENSG00000157350,ST3GAL2
1654,ENSG00000157353,FCSK
1655,ENSG00000157404,KIT
1656,ENSG00000157426,AASDH
1657,ENSG00000157540,DYRK1A
1658,ENSG00000157593,SLC35B2
1659,ENSG00000157680,DGKI
1660,ENSG00000157764,BRAF
1661,ENSG00000157881,PANK4
1662,ENSG00000158006,PAFAH2
1663,ENSG00000158008,EXTL1
1664,ENSG00000158019,BABAM2
1665,ENSG00000158050,DUSP2
1666,ENSG00000158079,PTPDC1
1667,ENSG00000158089,GALNT14
1668,ENSG00000158104,HPD
1669,ENSG00000158161,EYA3
1670,ENSG00000158296,SLC13A3
1671,ENSG00000158467,AHCYL2
1672,ENSG00000158470,B4GALT5
1673,ENSG00000158623,COPG2
1674,ENSG00000158669,GPAT4
1675,ENSG00000158716,DUSP23
1676,ENSG00000158828,PINK1
1677,ENSG00000158850,B4GALT3
1678,ENSG00000158864,NDUFS2
1679,ENSG00000158865,SLC5A11
1680,ENSG00000159063,ALG8
1681,ENSG00000159082,SYNJ1
1682,ENSG00000159131,GART
1683,ENSG00000159199,ATP5MC1
1684,ENSG00000159228,CBR1
1685,ENSG00000159231,CBR3
1686,ENSG00000159267,HLCS
1687,ENSG00000159322,ADPGK
1688,ENSG00000159339,PADI4
1689,ENSG00000159399,HK2
1690,ENSG00000159423,ALDH4A1
1691,ENSG00000159433,STARD9
1692,ENSG00000159593,NAE1
1693,ENSG00000159692,CTBP1
1694,ENSG00000159714,ZDHHC1
1695,ENSG00000159720,ATP6V0D1
1696,ENSG00000159792,PSKH1
1697,ENSG00000159899,NPR2
1698,ENSG00000159921,GNE
1699,ENSG00000160075,SSU72
1700,ENSG00000160145,KALRN
1701,ENSG00000160179,ABCG1
1702,ENSG00000160190,SLC37A1
1703,ENSG00000160191,PDE9A
1704,ENSG00000160194,NDUFV3
1705,ENSG00000160200,CBS
1706,ENSG00000160209,PDXK
1707,ENSG00000160211,G6PD
1708,ENSG00000160216,AGPAT3
1709,ENSG00000160226,CFAP410
1710,ENSG00000160285,LSS
1711,ENSG00000160326,SLC2A6
1712,ENSG00000160408,ST6GALNAC6
1713,ENSG00000160439,RDH13
1714,ENSG00000160446,ZDHHC12
1715,ENSG00000160447,PKN3
1716,ENSG00000160469,BRSK1
1717,ENSG00000160539,PLPP7
1718,ENSG00000160551,TAOK1
1719,ENSG00000160584,SIK3
1720,ENSG00000160602,NEK8
1721,ENSG00000160688,FLAD1
1722,ENSG00000160752,FDPS
1723,ENSG00000160868,CYP3A4
1724,ENSG00000160882,CYP11B1
1725,ENSG00000160883,HK3
1726,ENSG00000160957,RECQL4
1727,ENSG00000161013,MGAT4B
1728,ENSG00000161217,PCYT1A
1729,ENSG00000161267,BDH1
1730,ENSG00000161281,COX7A1
1731,ENSG00000161326,ENSG00000161326
1732,ENSG00000161533,ACOX1
1733,ENSG00000161714,PLCD3
1734,ENSG00000161860,SYCE2
1735,ENSG00000161896,IP6K3
1736,ENSG00000161905,ALOX15
1737,ENSG00000161980,POLR3K
1738,ENSG00000162066,AMDHD2
1739,ENSG00000162104,ADCY9
1740,ENSG00000162139,NEU3
1741,ENSG00000162174,ASRGL1
1742,ENSG00000162302,RPS6KA4
1743,ENSG00000162368,CMPK1
1744,ENSG00000162396,PARS2
1745,ENSG00000162407,PLPP3
1746,ENSG00000162408,NOL9
1747,ENSG00000162409,PRKAA2
1748,ENSG00000162433,AK4
1749,ENSG00000162434,JAK1
1750,ENSG00000162482,AKR7A3
1751,ENSG00000162496,DHRS3
1752,ENSG00000162526,TSSK3
1753,ENSG00000162551,ALPL
1754,ENSG00000162630,B3GALT2
1755,ENSG00000162669,HFM1
1756,ENSG00000162688,AGL
1757,ENSG00000162694,EXTL2
1758,ENSG00000162733,DDR2
1759,ENSG00000162813,BPNT1
1760,ENSG00000162836,ACP6
1761,ENSG00000162882,HAAO
1762,ENSG00000162885,B3GALNT2
1763,ENSG00000162889,MAPKAPK2
1764,ENSG00000162999,DUSP19
1765,ENSG00000163002,NUP35
1766,ENSG00000163082,SGPP2
1767,ENSG00000163104,SMARCAD1
1768,ENSG00000163106,HPGDS
1769,ENSG00000163131,CTSS
1770,ENSG00000163161,ERCC3
1771,ENSG00000163214,DHX57
1772,ENSG00000163281,GNPDA2
1773,ENSG00000163344,PMVK
1774,ENSG00000163349,HIPK1
1775,ENSG00000163389,POGLUT1
1776,ENSG00000163393,SLC22A15
1777,ENSG00000163399,ATP1A1
1778,ENSG00000163406,SLC15A2
1779,ENSG00000163482,STK36
1780,ENSG00000163513,TGFBR2
1781,ENSG00000163521,GLB1L
1782,ENSG00000163527,STT3B
1783,ENSG00000163541,SUCLG1
1784,ENSG00000163558,PRKCI
1785,ENSG00000163586,FABP1
1786,ENSG00000163590,PPM1L
1787,ENSG00000163624,CDS1
1788,ENSG00000163629,PTPN13
1789,ENSG00000163644,PPM1K
1790,ENSG00000163655,GMPS
1791,ENSG00000163684,RPP14
1792,ENSG00000163686,ABHD6
1793,ENSG00000163719,MTMR14
1794,ENSG00000163738,MTHFD2L
1795,ENSG00000163754,GYG1
1796,ENSG00000163755,HPS3
1797,ENSG00000163785,RYK
1798,ENSG00000163788,SNRK
1799,ENSG00000163803,PLB1
1800,ENSG00000163812,ZDHHC3
1801,ENSG00000163864,NMNAT3
1802,ENSG00000163882,POLR2H
1803,ENSG00000163902,RPN1
1804,ENSG00000163931,TKT
1805,ENSG00000163932,PRKCD
1806,ENSG00000163959,SLC51A
1807,ENSG00000163964,PIGX
1808,ENSG00000164023,SGMS2
1809,ENSG00000164039,BDH2
1810,ENSG00000164068,RNF123
1811,ENSG00000164080,RAD54L2
1812,ENSG00000164086,DUSP7
1813,ENSG00000164088,PPM1M
1814,ENSG00000164089,ETNPPL
1815,ENSG00000164100,NDST3
1816,ENSG00000164116,GUCY1A1
1817,ENSG00000164120,HPGD
1818,ENSG00000164172,MOCS2
1819,ENSG00000164181,ELOVL7
1820,ENSG00000164211,STARD4
1821,ENSG00000164258,NDUFS4
1822,ENSG00000164303,ENPP6
1823,ENSG00000164329,TENT2
1824,ENSG00000164332,UBLCP1
1825,ENSG00000164347,GFM2
1826,ENSG00000164398,ACSL6
1827,ENSG00000164405,UQCRQ
1828,ENSG00000164414,SLC35A1
1829,ENSG00000164434,FABP7
1830,ENSG00000164494,PDSS2
1831,ENSG00000164535,DAGLB
1832,ENSG00000164543,STK17A
1833,ENSG00000164574,GALNT10
1834,ENSG00000164638,SLC29A4
1835,ENSG00000164687,FABP5
1836,ENSG00000164707,SLC13A4
1837,ENSG00000164708,PGAM2
1838,ENSG00000164715,LMTK2
1839,ENSG00000164733,CTSB
1840,ENSG00000164742,ADCY1
1841,ENSG00000164776,PHKG1
1842,ENSG00000164867,NOS3
1843,ENSG00000164885,CDK5
1844,ENSG00000164889,SLC4A2
1845,ENSG00000164896,FASTK
1846,ENSG00000164904,ALDH7A1
1847,ENSG00000164919,COX6C
1848,ENSG00000164951,PDP1
1849,ENSG00000165025,SYK
1850,ENSG00000165029,ABCA1
1851,ENSG00000165060,FXN
1852,ENSG00000165092,ALDH1A1
1853,ENSG00000165102,HGSNAT
1854,ENSG00000165140,FBP1
1855,ENSG00000165195,PIGA
1856,ENSG00000165238,WNK2
1857,ENSG00000165264,NDUFB6
1858,ENSG00000165272,AQP3
1859,ENSG00000165282,PIGO
1860,ENSG00000165392,WRN
1861,ENSG00000165434,PGM2L1
1862,ENSG00000165449,SLC16A9
1863,ENSG00000165458,INPPL1
1864,ENSG00000165609,NUDT5
1865,ENSG00000165629,ATP5F1C
1866,ENSG00000165646,SLC18A2
1867,ENSG00000165671,NSD1
1868,ENSG00000165672,PRDX3
1869,ENSG00000165688,PMPCA
1870,ENSG00000165695,AK8
1871,ENSG00000165704,HPRT1
1872,ENSG00000165731,RET
1873,ENSG00000165732,DDX21
1874,ENSG00000165752,STK32C
1875,ENSG00000165782,PIP4P1
1876,ENSG00000165996,HACD1
1877,ENSG00000166123,GPT2
1878,ENSG00000166136,NDUFB8
1879,ENSG00000166165,CKB
1880,ENSG00000166169,POLL
1881,ENSG00000166224,SGPL1
1882,ENSG00000166228,PCBD1
1883,ENSG00000166262,FAM227B
1884,ENSG00000166311,SMPD1
1885,ENSG00000166333,ILK
1886,ENSG00000166340,TPP1
1887,ENSG00000166377,ATP9B
1888,ENSG00000166411,IDH3A
1889,ENSG00000166428,PLD4
1890,ENSG00000166483,WEE1
1891,ENSG00000166484,MAPK7
1892,ENSG00000166501,PRKCB
1893,ENSG00000166507,NDST2
1894,ENSG00000166508,MCM7
1895,ENSG00000166548,TK2
1896,ENSG00000166562,SEC11C
1897,ENSG00000166741,NNMT
1898,ENSG00000166816,LDHD
1899,ENSG00000166819,PLIN1
1900,ENSG00000166821,PEX11A
1901,ENSG00000166825,ANPEP
1902,ENSG00000166833,NAV2
1903,ENSG00000166851,PLK1
1904,ENSG00000166908,PIP4K2C
1905,ENSG00000166986,MARS1
1906,ENSG00000167011,NAT16
1907,ENSG00000167065,DUSP18
1908,ENSG00000167103,PIP5KL1
1909,ENSG00000167107,ACSF2
1910,ENSG00000167114,SLC27A4
1911,ENSG00000167123,CERCAM
1912,ENSG00000167130,DOLPP1
1913,ENSG00000167165,UGT1A6
1914,ENSG00000167186,COQ7
1915,ENSG00000167216,KATNAL2
1916,ENSG00000167258,CDK12
1917,ENSG00000167261,DPEP2
1918,ENSG00000167280,ENGASE
1919,ENSG00000167283,ATP5MG
1920,ENSG00000167306,MYO5B
1921,ENSG00000167315,ACAA2
1922,ENSG00000167325,RRM1
1923,ENSG00000167363,FN3K
1924,ENSG00000167393,PPP2R3B
1925,ENSG00000167419,LPO
1926,ENSG00000167434,CA4
1927,ENSG00000167468,GPX4
1928,ENSG00000167508,MVD
1929,ENSG00000167548,KMT2D
1930,ENSG00000167588,GPD1
1931,ENSG00000167601,AXL
1932,ENSG00000167657,DAPK3
1933,ENSG00000167658,EEF2
1934,ENSG00000167676,PLIN4
1935,ENSG00000167699,GLOD4
1936,ENSG00000167701,GPT
1937,ENSG00000167703,SLC43A2
1938,ENSG00000167720,SRR
1939,ENSG00000167733,HSD11B1L
1940,ENSG00000167772,ANGPTL4
1941,ENSG00000267855,NDUFA7
1942,ENSG00000167778,SPRYD3
1943,ENSG00000167792,NDUFV1
1944,ENSG00000167815,PRDX2
1945,ENSG00000167863,ATP5PD
1946,ENSG00000167889,MGAT5B
1947,ENSG00000167900,TK1
1948,ENSG00000167910,CYP7A1
1949,ENSG00000167969,ECI1
1950,ENSG00000167996,FTH1
1951,ENSG00000168000,BSCL2
1952,ENSG00000168002,POLR2G
1953,ENSG00000168003,SLC3A2
1954,ENSG00000168032,ENTPD3
1955,ENSG00000168038,ULK4
1956,ENSG00000168067,MAP4K2
1957,ENSG00000168092,PAFAH1B2
1958,ENSG00000168237,GLYCTK
1959,ENSG00000168282,MGAT2
1960,ENSG00000168291,PDHB
1961,ENSG00000168306,ACOX2
1962,ENSG00000168350,DEGS2
1963,ENSG00000168393,DTYMK
1964,ENSG00000168404,MLKL
1965,ENSG00000168487,BMP1
1966,ENSG00000168495,POLR3D
1967,ENSG00000168522,FNTA
1968,ENSG00000168575,SLC20A2
1969,ENSG00000168653,NDUFS5
1970,ENSG00000168671,UGT3A2
1971,ENSG00000168679,SLC16A4
1972,ENSG00000168710,AHCYL1
1973,ENSG00000168748,CA7
1974,ENSG00000168765,GSTM4
1975,ENSG00000168781,PPIP5K1
1976,ENSG00000168827,GFM1
1977,ENSG00000168906,MAT2A
1978,ENSG00000168918,INPP5D
1979,ENSG00000168970,JMJD7-PLA2G4B
1980,ENSG00000169020,ATP5ME
1981,ENSG00000169021,UQCRFS1
1982,ENSG00000169032,MAP2K1
1983,ENSG00000169100,SLC25A6
1984,ENSG00000169105,CHST14
1985,ENSG00000169118,CSNK1G1
1986,ENSG00000169169,CPT1C
1987,ENSG00000169180,XPO6
1988,ENSG00000169239,CA5B
1989,ENSG00000169255,B3GALNT1
1990,ENSG00000169299,PGM2
1991,ENSG00000169302,STK32A
1992,ENSG00000169359,SLC33A1
1993,ENSG00000169398,PTK2
1994,ENSG00000169410,PTPN9
1995,ENSG00000169660,HEXD
1996,ENSG00000169692,AGPAT2
1997,ENSG00000169710,FASN
1998,ENSG00000169738,DCXR
1999,ENSG00000169764,UGP2
2000,ENSG00000169814,BTD
2001,ENSG00000169826,CSGALNACT2
2002,ENSG00000169919,GUSB
2003,ENSG00000169967,MAP3K2
2004,ENSG00000170004,CHD3
2005,ENSG00000170145,SIK2
2006,ENSG00000170191,NANP
2007,ENSG00000170222,ADPRM
2008,ENSG00000170231,FABP6
2009,ENSG00000170266,GLB1
2010,ENSG00000170271,FAXDC2
2011,ENSG00000170312,CDK1
2012,ENSG00000170324,FRMPD2
2013,ENSG00000170340,B3GNT2
2014,ENSG00000170364,SETMAR
2015,ENSG00000170385,SLC30A1
2016,ENSG00000170390,DCLK2
2017,ENSG00000170445,HARS1
2018,ENSG00000170485,NPAS2
2019,ENSG00000170502,NUDT9
2020,ENSG00000170522,ELOVL6
2021,ENSG00000170525,PFKFB3
2022,ENSG00000170634,ACYP2
2023,ENSG00000170734,POLH
2024,ENSG00000170786,SDR16C5
2025,ENSG00000170836,PPM1D
2026,ENSG00000170899,GSTA4
2027,ENSG00000170906,NDUFA3
2028,ENSG00000171004,HS6ST2
2029,ENSG00000171094,ALK
2030,ENSG00000171097,KYAT1
2031,ENSG00000171100,MTM1
2032,ENSG00000171105,INSR
2033,ENSG00000171130,ATP6V0E2
2034,ENSG00000171132,PRKCE
2035,ENSG00000171155,C1GALT1C1
2036,ENSG00000171174,RBKS
2037,ENSG00000171234,UGT2B7
2038,ENSG00000171298,GAA
2039,ENSG00000171302,CANT1
2040,ENSG00000171307,ZDHHC16
2041,ENSG00000171310,CHST11
2042,ENSG00000171314,PGAM1
2043,ENSG00000171316,CHD7
2044,ENSG00000171408,PDE7B
2045,ENSG00000171453,POLR1C
2046,ENSG00000171503,ETFDH
2047,ENSG00000171608,PIK3CD
2048,ENSG00000171723,GPHN
2049,ENSG00000171759,PAH
2050,ENSG00000171766,GATM
2051,ENSG00000171793,CTPS1
2052,ENSG00000171848,RRM2
2053,ENSG00000171862,PTEN
2054,ENSG00000171885,AQP4
2055,ENSG00000171903,CYP4F11
2056,ENSG00000171953,ATPAF2
2057,ENSG00000172053,QARS1
2058,ENSG00000172071,EIF2AK3
2059,ENSG00000172113,NME6
2060,ENSG00000172264,MACROD2
2061,ENSG00000172269,DPAGT1
2062,ENSG00000172292,CERS6
2063,ENSG00000172296,SPTLC3
2064,ENSG00000172315,TP53RK
2065,ENSG00000172318,B3GALT1
2066,ENSG00000172331,BPGM
2067,ENSG00000172339,ALG14
2068,ENSG00000172340,SUCLG2
2069,ENSG00000172345,STARD5
2070,ENSG00000172456,FGGY
2071,ENSG00000172461,FUT9
2072,ENSG00000172482,AGXT
2073,ENSG00000172508,CARNS1
2074,ENSG00000172531,PPP1CA
2075,ENSG00000172572,PDE3A
2076,ENSG00000172613,RAD9A
2077,ENSG00000172728,FUT10
2078,ENSG00000172782,FADS6
2079,ENSG00000172817,CYP7B1
2080,ENSG00000172830,SSH3
2081,ENSG00000172831,CES2
2082,ENSG00000172840,PDP2
2083,ENSG00000172890,NADSYN1
2084,ENSG00000172893,DHCR7
2085,ENSG00000172939,OXSR1
2086,ENSG00000172954,LCLAT1
2087,ENSG00000172987,HPSE2
2088,ENSG00000173083,HPSE
2089,ENSG00000173085,COQ2
2090,ENSG00000173175,ADCY5
2091,ENSG00000173221,GLRX
2092,ENSG00000173262,SLC2A14
2093,ENSG00000173281,PPP1R3B
2094,ENSG00000173327,MAP3K11
2095,ENSG00000173418,NAA20
2096,ENSG00000173482,PTPRM
2097,ENSG00000173517,PEAK1
2098,ENSG00000173540,GMPPB
2099,ENSG00000173575,CHD2
2100,ENSG00000173597,SULT1B1
2101,ENSG00000173598,NUDT4
2102,ENSG00000173599,PC
2103,ENSG00000173610,UGT2A1
2104,ENSG00000173614,NMNAT1
2105,ENSG00000173638,SLC19A1
2106,ENSG00000173660,UQCRH
2107,ENSG00000173846,PLK3
2108,ENSG00000174080,CTSF
2109,ENSG00000174165,ZDHHC24
2110,ENSG00000174227,PIGG
2111,ENSG00000174233,ADCY6
2112,ENSG00000174243,DDX23
2113,ENSG00000174473,GALNTL6
2114,ENSG00000174607,UGT8
2115,ENSG00000174640,SLCO2A1
2116,ENSG00000174669,SLC29A2
2117,ENSG00000174672,BRSK2
2118,ENSG00000174684,B4GAT1
2119,ENSG00000174886,NDUFA11
2120,ENSG00000174915,PTDSS2
2121,ENSG00000174951,FUT1
2122,ENSG00000174953,DHX36
2123,ENSG00000175003,SLC22A1
2124,ENSG00000175040,CHST2
2125,ENSG00000175048,ZDHHC14
2126,ENSG00000175054,ATR
2127,ENSG00000175066,GK5
2128,ENSG00000175175,PPM1E
2129,ENSG00000175198,PCCA
2130,ENSG00000175215,CTDSP2
2131,ENSG00000175229,GAL3ST3
2132,ENSG00000175264,CHST1
2133,ENSG00000175283,DOLK
2134,ENSG00000175354,PTPN2
2135,ENSG00000175445,LPL
2136,ENSG00000175482,POLD4
2137,ENSG00000175536,LIPT2
2138,ENSG00000175548,ALG10B
2139,ENSG00000175567,UCP2
2140,ENSG00000175634,RPS6KB2
2141,ENSG00000175711,B3GNTL1
2142,ENSG00000175893,ZDHHC21
2143,ENSG00000176020,AMIGO3
2144,ENSG00000176022,B3GALT6
2145,ENSG00000176095,IP6K1
2146,ENSG00000176105,YES1
2147,ENSG00000176153,GPX2
2148,ENSG00000176170,SPHK1
2149,ENSG00000176194,CIDEA
2150,ENSG00000176340,COX8A
2151,ENSG00000176383,B3GNT4
2152,ENSG00000176393,RNPEP
2153,ENSG00000176444,CLK2
2154,ENSG00000176454,LPCAT4
2155,ENSG00000176463,SLCO3A1
2156,ENSG00000176485,PLAAT3
2157,ENSG00000176597,B3GNT5
2158,ENSG00000176715,ACSF3
2159,ENSG00000176890,TYMS
2160,ENSG00000176920,FUT2
2161,ENSG00000176928,GCNT4
2162,ENSG00000176974,SHMT1
2163,ENSG00000177000,MTHFR
2164,ENSG00000177054,ZDHHC13
2165,ENSG00000177076,ACER2
2166,ENSG00000177084,POLE
2167,ENSG00000177108,ZDHHC22
2168,ENSG00000177156,TALDO1
2169,ENSG00000177169,ULK1
2170,ENSG00000177189,RPS6KA3
2171,ENSG00000177200,CHD9
2172,ENSG00000177239,MAN1B1
2173,ENSG00000177465,ACOT4
2174,ENSG00000177542,SLC25A22
2175,ENSG00000177628,GBA
2176,ENSG00000177646,ACAD9
2177,ENSG00000177666,PNPLA2
2178,ENSG00000177700,POLR2L
2179,ENSG00000178035,IMPDH2
2180,ENSG00000178105,DDX10
2181,ENSG00000178127,NDUFV2
2182,ENSG00000178234,GALNT11
2183,ENSG00000178445,GLDC
2184,ENSG00000178537,SLC25A20
2185,ENSG00000178538,CA8
2186,ENSG00000178568,ERBB4
2187,ENSG00000178607,ERN1
2188,ENSG00000178700,DHFR2
2189,ENSG00000178741,COX5A
2190,ENSG00000178773,CPNE7
2191,ENSG00000178802,MPI
2192,ENSG00000178814,OPLAH
2193,ENSG00000178921,PFAS
2194,ENSG00000178950,GAK
2195,ENSG00000178952,TUFM
2196,ENSG00000179085,DPM3
2197,ENSG00000179091,CYC1
2198,ENSG00000179115,FARSA
2199,ENSG00000179142,CYP11B2
2200,ENSG00000179163,FUCA1
2201,ENSG00000179295,PTPN11
2202,ENSG00000179335,CLK3
2203,ENSG00000179520,SLC17A8
2204,ENSG00000179593,ALOX15B
2205,ENSG00000179598,PLD6
2206,ENSG00000179761,PIPOX
2207,ENSG00000179913,B3GNT3
2208,ENSG00000179958,DCTPP1
2209,ENSG00000180011,ZADH2
2210,ENSG00000180370,PAK2
2211,ENSG00000180432,CYP8B1
2212,ENSG00000180773,SLC36A4
2213,ENSG00000180776,ZDHHC20
2214,ENSG00000180817,PPA1
2215,ENSG00000180879,SSR4
2216,ENSG00000180953,ST20
2217,ENSG00000181019,NQO1
2218,ENSG00000181045,SLC26A11
2219,ENSG00000181085,MAPK15
2220,ENSG00000181090,EHMT1
2221,ENSG00000181192,DHTKD1
2222,ENSG00000181222,POLR2A
2223,ENSG00000181409,AATK
2224,ENSG00000181523,SGSH
2225,ENSG00000181555,SETD2
2226,ENSG00000181652,ATG9B
2227,ENSG00000181789,COPG1
2228,ENSG00000181804,SLC9A9
2229,ENSG00000181830,SLC35C1
2230,ENSG00000181856,SLC2A4
2231,ENSG00000181915,ADO
2232,ENSG00000182022,CHST15
2233,ENSG00000182050,MGAT4C
2234,ENSG00000182054,IDH2
2235,ENSG00000182197,EXT1
2236,ENSG00000182199,SHMT2
2237,ENSG00000182272,B4GALNT4
2238,ENSG00000182319,ENSG00000182319
2239,ENSG00000182333,LIPF
2240,ENSG00000182511,FES
2241,ENSG00000182541,LIMK2
2242,ENSG00000182551,ADI1
2243,ENSG00000182578,CSF1R
2244,ENSG00000182580,EPHB3
2245,ENSG00000182601,HS3ST4
2246,ENSG00000182621,PLCB1
2247,ENSG00000182851,ENSG00000182851
2248,ENSG00000182858,ALG12
2249,ENSG00000182870,GALNT9
2250,ENSG00000182890,GLUD2
2251,ENSG00000182902,SLC25A18
2252,ENSG00000183010,PYCR1
2253,ENSG00000183044,ABAT
2254,ENSG00000183048,SLC25A10
2255,ENSG00000183049,CAMK1D
2256,ENSG00000183077,AFMID
2257,ENSG00000183196,CHST6
2258,ENSG00000183207,RUVBL2
2259,ENSG00000183258,DDX41
2260,ENSG00000183317,EPHA10
2261,ENSG00000183549,ACSM5
2262,ENSG00000183648,NDUFB1
2263,ENSG00000183665,TRMT12
2264,ENSG00000183696,UPP1
2265,ENSG00000183735,TBK1
2266,ENSG00000183765,CHEK2
2267,ENSG00000183778,B3GALT5
2268,ENSG00000183828,NUDT14
2269,ENSG00000183943,PRKX
2270,ENSG00000183955,KMT5A
2271,ENSG00000184005,ST6GALNAC3
2272,ENSG00000184007,PTP4A2
2273,ENSG00000184076,UQCR10
2274,ENSG00000184154,LRRC51
2275,ENSG00000184203,PPP1R2
2276,ENSG00000184216,IRAK1
2277,ENSG00000184227,ACOT1
2278,ENSG00000184254,ALDH1A3
2279,ENSG00000184304,PRKD1
2280,ENSG00000184307,ZDHHC23
2281,ENSG00000184343,SRPK3
2282,ENSG00000184381,PLA2G6
2283,ENSG00000184432,COPB2
2284,ENSG00000184470,TXNRD2
2285,ENSG00000184489,PTP4A3
2286,ENSG00000184545,DUSP8
2287,ENSG00000184588,PDE4B
2288,ENSG00000184674,ENSG00000184674
2289,ENSG00000184752,NDUFA12
2290,ENSG00000184886,ENSG00000184886
2291,ENSG00000184983,NDUFA6
2292,ENSG00000185000,DGAT1
2293,ENSG00000185015,CA13
2294,ENSG00000185100,ADSS1
2295,ENSG00000185133,INPP5J
2296,ENSG00000185163,DDX51
2297,ENSG00000185274,GALNT17
2298,ENSG00000185324,CDK10
2299,ENSG00000185344,ATP6V0A2
2300,ENSG00000185352,HS6ST3
2301,ENSG00000185386,MAPK11
2302,ENSG00000185418,TARS3
2303,ENSG00000185420,SMYD3
2304,ENSG00000185532,PRKG1
2305,ENSG00000185615,PDIA2
2306,ENSG00000185633,NDUFA4L2
2307,ENSG00000185808,PIGP
2308,ENSG00000185813,PCYT2
2309,ENSG00000185825,BCAP31
2310,ENSG00000185875,THNSL1
2311,ENSG00000185883,ATP6V0C
2312,ENSG00000185973,TMLHE
2313,ENSG00000186010,NDUFA13
2314,ENSG00000186104,CYP2R1
2315,ENSG00000186111,PIP5K1C
2316,ENSG00000186141,POLR3C
2317,ENSG00000186153,WWOX
2318,ENSG00000186184,POLR1D
2319,ENSG00000186204,CYP4F12
2320,ENSG00000186281,GPAT2
2321,ENSG00000186298,PPP1CC
2322,ENSG00000186377,CYP4X1
2323,ENSG00000186529,CYP4F3
2324,ENSG00000186625,KATNA1
2325,ENSG00000186642,PDE2A
2326,ENSG00000186716,BCR
2327,ENSG00000186792,HYAL3
2328,ENSG00000186908,ZDHHC17
2329,ENSG00000187091,PLCD1
2330,ENSG00000187097,ENTPD5
2331,ENSG00000187134,AKR1C1
2332,ENSG00000187210,GCNT1
2333,ENSG00000187240,DYNC2H1
2334,ENSG00000187531,SIRT7
2335,ENSG00000187630,DHRS4L2
2336,ENSG00000187676,B3GLCT
2337,ENSG00000188130,MAPK12
2338,ENSG00000188191,PRKAR1B
2339,ENSG00000188322,SBK1
2340,ENSG00000188342,GTF2F2
2341,ENSG00000188542,DUSP28
2342,ENSG00000188611,ASAH2
2343,ENSG00000188641,DPYD
2344,ENSG00000188676,IDO2
2345,ENSG00000188690,UROS
2346,ENSG00000188706,ZDHHC9
2347,ENSG00000188818,ZDHHC11
2348,ENSG00000188906,LRRK2
2349,ENSG00000188921,HACD4
2350,ENSG00000189043,NDUFA4
2351,ENSG00000189221,MAOA
2352,ENSG00000189366,ALG1L
2353,ENSG00000196090,PTPRT
2354,ENSG00000196139,AKR1C3
2355,ENSG00000196177,ACADSB
2356,ENSG00000196305,IARS1
2357,ENSG00000196368,NUDT11
2358,ENSG00000196396,PTPN1
2359,ENSG00000196411,EPHB4
2360,ENSG00000196455,PIK3R4
2361,ENSG00000196502,SULT1A1
2362,ENSG00000196511,TPK1
2363,ENSG00000196517,SLC6A9
2364,ENSG00000196547,MAN2A2
2365,ENSG00000196620,UGT2B15
2366,ENSG00000196632,WNK3
2367,ENSG00000196730,DAPK1
2368,ENSG00000196743,GM2A
2369,ENSG00000196839,ADA
2370,ENSG00000196950,SLC39A10
2371,ENSG00000196968,FUT11
2372,ENSG00000197093,GAL3ST4
2373,ENSG00000197119,SLC25A29
2374,ENSG00000197121,PGAP1
2375,ENSG00000197122,SRC
2376,ENSG00000197142,ACSL5
2377,ENSG00000197208,SLC22A4
2378,ENSG00000197217,ENTPD4
2379,ENSG00000197296,FITM2
2380,ENSG00000197299,BLM
2381,ENSG00000197355,UAP1L1
2382,ENSG00000197375,SLC22A5
2383,ENSG00000197406,DIO3
2384,ENSG00000197442,MAP3K5
2385,ENSG00000197444,OGDHL
2386,ENSG00000197448,GSTK1
2387,ENSG00000197496,SLC2A10
2388,ENSG00000197563,PIGN
2389,ENSG00000197586,ENTPD6
2390,ENSG00000197601,FAR1
2391,ENSG00000197713,RPE
2392,ENSG00000197763,TXNRD3
2393,ENSG00000197858,GPAA1
2394,ENSG00000197888,UGT2B17
2395,ENSG00000197894,ADH5
2396,ENSG00000197943,PLCG2
2397,ENSG00000197959,DNM3
2398,ENSG00000197977,ELOVL2
2399,ENSG00000198001,IRAK4
2400,ENSG00000198075,SULT1C4
2401,ENSG00000198108,CHSY3
2402,ENSG00000198130,HIBCH
2403,ENSG00000198162,MAN1A2
2404,ENSG00000198189,HSD17B11
2405,ENSG00000198203,SULT1C2
2406,ENSG00000198231,DDX42
2407,ENSG00000198246,SLC29A3
2408,ENSG00000198276,UCKL1
2409,ENSG00000198355,PIM3
2410,ENSG00000198380,GFPT1
2411,ENSG00000198431,TXNRD1
2412,ENSG00000198488,B3GNT6
2413,ENSG00000198563,DDX39B
2414,ENSG00000198586,TLK1
2415,ENSG00000198610,AKR1C4
2416,ENSG00000198648,STK39
2417,ENSG00000198668,CALM1
2418,ENSG00000198682,PAPSS2
2419,ENSG00000198695,MT-ND6
2420,ENSG00000198712,MT-CO2
2421,ENSG00000198721,ECI2
2422,ENSG00000198727,MT-CYB
2423,ENSG00000198743,SLC5A3
2424,ENSG00000198752,CDC42BPB
2425,ENSG00000198753,PLXNB3
2426,ENSG00000198756,COLGALT2
2427,ENSG00000198763,MT-ND2
2428,ENSG00000198786,MT-ND5
2429,ENSG00000198804,MT-CO1
2430,ENSG00000198805,PNP
2431,ENSG00000198814,GK
2432,ENSG00000198825,INPP5F
2433,ENSG00000198840,MT-ND3
2434,ENSG00000198886,MT-ND4
2435,ENSG00000198888,MT-ND1
2436,ENSG00000198899,MT-ATP6
2437,ENSG00000198909,MAP3K3
2438,ENSG00000198910,L1CAM
2439,ENSG00000198931,APRT
2440,ENSG00000198938,MT-CO3
2441,ENSG00000198951,NAGA
2442,ENSG00000198964,SGMS1
2443,ENSG00000203797,DDO
2444,ENSG00000203805,PLPP4
2445,ENSG00000203857,HSD3B1
2446,ENSG00000203859,HSD3B2
2447,ENSG00000204084,INPP5B
2448,ENSG00000204099,NEU4
2449,ENSG00000204160,ZDHHC18
2450,ENSG00000204217,BMPR2
2451,ENSG00000204228,HSD17B8
2452,ENSG00000204310,AGPAT1
2453,ENSG00000204344,STK19
2454,ENSG00000204370,SDHD
2455,ENSG00000204371,EHMT2
2456,ENSG00000204386,NEU1
2457,ENSG00000204394,VARS1
2458,ENSG00000204435,CSNK2B
2459,ENSG00000204560,DHX16
2460,ENSG00000204580,DDR1
2461,ENSG00000205060,SLC35B4
2462,ENSG00000205268,PDE7A
2463,ENSG00000205309,NT5M
2464,ENSG00000205560,CPT1B
2465,ENSG00000205808,PLPP6
2466,ENSG00000206077,ZDHHC11B
2467,ENSG00000206190,ATP10A
2468,ENSG00000206527,HACD2
2469,ENSG00000211445,GPX3
2470,ENSG00000211448,DIO2
2471,ENSG00000211455,STK38L
2472,ENSG00000211456,SACM1L
2473,ENSG00000212907,MT-ND4L
2474,ENSG00000213024,NUP62
2475,ENSG00000213160,KLHL23
2476,ENSG00000213316,LTC4S
2477,ENSG00000213341,CHUK
2478,ENSG00000213366,GSTM2
2479,ENSG00000213398,LCAT
2480,ENSG00000213614,HEXA
2481,ENSG00000213619,NDUFS3
2482,ENSG00000213639,PPP1CB
2483,ENSG00000213648,SULT1A4
2484,ENSG00000213689,TREX1
2485,ENSG00000213759,UGT2B11
2486,ENSG00000213760,ATP6V1G2
2487,ENSG00000213782,DDX47
2488,ENSG00000213920,MDP1
2489,ENSG00000213923,CSNK1E
2490,ENSG00000213930,GALT
2491,ENSG00000214013,GANC
2492,ENSG00000214160,ALG3
2493,ENSG00000214530,STARD10
2494,ENSG00000215301,DDX3X
2495,ENSG00000221823,PPP3R1
2496,ENSG00000221914,PPP2R2A
2497,ENSG00000221968,FADS3
2498,ENSG00000221988,PPT2
2499,ENSG00000223572,CKMT1A
2500,ENSG00000223802,CERS1
2501,ENSG00000225697,SLC26A6
2502,ENSG00000226784,PGAM4
2503,ENSG00000228716,DHFR
2504,ENSG00000233276,GPX1
2505,ENSG00000235863,B3GALT4
2506,ENSG00000237172,B3GNT9
2507,ENSG00000237289,CKMT1B
2508,ENSG00000239672,NME1
2509,ENSG00000239900,ADSL
2510,ENSG00000240038,AMY2B
2511,ENSG00000240224,ENSG00000240224
2512,ENSG00000240303,ACAD11
2513,ENSG00000240583,AQP1
2514,ENSG00000240857,RDH14
2515,ENSG00000240891,PLCXD2
2516,ENSG00000241119,UGT1A9
2517,ENSG00000241258,CRCP
2518,ENSG00000241343,RPL36A
2519,ENSG00000241360,PDXP
2520,ENSG00000241468,ATP5MF
2521,ENSG00000241635,UGT1A1
2522,ENSG00000241837,ATP5PO
2523,ENSG00000241878,PISD
2524,ENSG00000241935,HOGA1
2525,ENSG00000241973,PI4KA
2526,ENSG00000242110,AMACR
2527,ENSG00000242366,UGT1A8
2528,ENSG00000242515,UGT1A10
2529,ENSG00000242612,DECR2
2530,ENSG00000243135,ENSG00000243135
2531,ENSG00000243477,NAA80
2532,ENSG00000243708,PLA2G4B
2533,ENSG00000243955,GSTA1
2534,ENSG00000244038,DDOST
2535,ENSG00000244122,UGT1A7
2536,ENSG00000244474,UGT1A4
2537,ENSG00000244486,SCARF2
2538,ENSG00000247077,PGAM5
2539,ENSG00000247626,MARS2
2540,ENSG00000248098,BCKDHA
2541,ENSG00000248333,CDK11B
2542,ENSG00000249853,HS3ST5
2543,ENSG00000250506,CDK3
2544,ENSG00000250565,ATP6V1E2
2545,ENSG00000253710,ALG11
2546,ENSG00000253729,PRKDC
2547,ENSG00000254087,LYN
2548,ENSG00000254505,CHMP4A
2549,ENSG00000254685,FPGT
2550,ENSG00000256043,CTSO
2551,ENSG00000256269,HMBS
2552,ENSG00000256525,POLG2
2553,ENSG00000257365,FNTB
2554,ENSG00000257594,GALNT4
2555,ENSG00000258366,RTEL1
2556,ENSG00000259431,THTPA
2557,ENSG00000261052,SULT1A3
2558,ENSG00000130653,PNPLA7
2559,ENSG00000120992,LYPLA1
2560,ENSG00000011009,LYPLA2
2561,ENSG00000272333,KMT2B
2562,ENSG00000243678,NME2
2563,ENSG00000272325,NUDT3
2564,ENSG00000228253,MT-ATP8
2565,ENSG00000093144,ECHDC1
2566,ENSG00000090382,LYZ
2567,ENSG00000165475,CRYL1
2568,ENSG00000157870,PRXL2B
2569,ENSG00000168389,MFSD2A
2570,ENSG00000165168,CYBB
2571,ENSG00000123131,PRDX4
